Organism	Genome Source	Genome Version/Assembly ID	Is Reference Strain	Contigs	Supercontigs	Chromosomes	Species	Strain	VEuPathDB Project
Edhazardia aedis USNM 41457	GenBank	GCA_000230595.3	yes	1429	0	0	Edhazardia aedis	USNM 41457	MicrosporidiaDB
Kluyveromyces marxianus DMKU3-1042	INSDC	GCF_001417885.1	yes	0	0	8	Kluyveromyces marxianus	DMKU3-1042	FungiDB
Aspergillus luchuensis IFO 4308	GenBank	GCA_000239835.2	no	1016	146	0	Aspergillus luchuensis	IFO 4308	FungiDB
Epichloe glyceriae E277	INSDC	GCA_000225285.2	yes	3076	0	0	Epichloe glyceriae	E277	FungiDB
Aspergillus versicolor CBS 583.65	GenBank	GCA_001890125.1	yes	0	51	0	Aspergillus versicolor	CBS 583.65	FungiDB
Aspergillus sydowii CBS 593.65	GenBank	GCA_001890705.1	yes	0	97	0	Aspergillus sydowii	CBS 593.65	FungiDB
Nosema apis BRL 01	INSDC	GCA_000447185.1	yes	0	554	0	Nosema apis	BRL 01	MicrosporidiaDB
Trypanosoma vivax Y486	GenBank	GCA_000227375.1	yes	8279	0	11	Trypanosoma vivax	Y486	TriTrypDB
Trypanosoma congolense IL3000	GenBank	GCA_000227395.2	yes	2828	0	11	Trypanosoma congolense	IL3000	TriTrypDB
Pneumocystis murina B123	INSDC	GCA_000349005.2	yes	0	20	0	Pneumocystis murina	B123	FungiDB
Aspergillus wentii DTO 134E9	GenBank	GCA_001890725.1	yes	0	27	0	Aspergillus wentii	DTO 134E9	FungiDB
Penicilliopsis zonata CBS 506.65	GenBank	GCA_001890105.1	yes	0	246	0	Penicilliopsis zonata	CBS 506.65	FungiDB
Toxoplasma gondii ARI	GenBank	GCA_000250965.2	no	0	2723	0	Toxoplasma gondii	ARI	ToxoDB
Toxoplasma gondii COUG	GenBank	GCA_000338675.2	no	4075	105	0	Toxoplasma gondii	COUG	ToxoDB
Entamoeba nuttalli P19	GenBank	GCF_000257125.1	yes	0	5233	0	Entamoeba nuttalli	P19	AmoebaDB
Pyronema omphalodes CBS 100304	INSDC	GCA_024516155.1	yes	0	260	0	Pyronema omphalodes	CBS 100304	FungiDB
Fusarium odoratissimum NRRL 54006	GenBank	GCA_000260195.2	no	0	418	0	Fusarium odoratissimum	NRRL 54006	FungiDB
Fusarium oxysporum f. sp. melonis 26406	GenBank	GCA_000260495.2	no	0	1146	0	Fusarium oxysporum	f. sp. melonis 26406	FungiDB
Phytophthora sojae strain P6497	GenBank	GCA_000149755.2	yes	0	82	0	Phytophthora sojae	strain P6497	FungiDB
Taphrina deformans PYCC 5710	INSDC	GCA_000312925.2	yes	0	394	0	Taphrina deformans	PYCC 5710	FungiDB
Claviceps purpurea 20.1	INSDC	GCA_000347355.1	yes	0	191	0	Claviceps purpurea	20.1	FungiDB
Plasmodium cynomolgi strain B	GenBank	GCA_000321355.1	no	0	1649	14	Plasmodium cynomolgi	strain B	PlasmoDB
Macrophomina phaseolina MS6	INSDC	GCA_000302655.1	yes	0	1506	0	Macrophomina phaseolina	MS6	FungiDB
Toxoplasma gondii GAB2-2007-GAL-DOM2	GenBank	GCA_000325525.2	no	0	2481	0	Toxoplasma gondii	GAB2-2007-GAL-DOM2	ToxoDB
Toxoplasma gondii TgCatPRC2	GenBank	GCA_000256725.2	no	0	3060	0	Toxoplasma gondii	TgCatPRC2	ToxoDB
Babesia microti strain RI	GenBank	GCA_000691945.2	yes	0	0	4	Babesia microti	strain RI	PiroplasmaDB
Pleurotus ostreatus PC15	INSDC	GCA_000697685.1	yes	0	12	0	Pleurotus ostreatus	PC15	FungiDB
Pleurotus ostreatus PC9	INSDC	GCF_014466165.1	no	0	16	0	Pleurotus ostreatus	PC9	FungiDB
Aspergillus luchuensis CBS 106.47	GenBank	GCA_001890685.1	yes	0	100	0	Aspergillus luchuensis	CBS 106.47	FungiDB
Anncaliia algerae Undeen	GenBank	GCA_000313815.1	no	8427	0	0	Anncaliia algerae	Undeen	MicrosporidiaDB
Saprolegnia diclina VS20	GenBank	GCA_000281045.1	yes	0	390	0	Saprolegnia diclina	VS20	FungiDB
Hortaea werneckii EXF-2000	INSDC	GCA_002127715.1	yes	0	628	0	Hortaea werneckii	EXF-2000	FungiDB
Aspergillus glaucus CBS 516.65	GenBank	GCA_001890805.1	yes	0	82	0	Aspergillus glaucus	CBS 516.65	FungiDB
Chromera velia CCMP2878	GenBank	GCA_018398765.1	yes	0	5963	0	Chromera velia	CCMP2878	CryptoDB
Vitrella brassicaformis CCMP3155	GenBank	GCA_001179505.1	yes	0	1064	0	Vitrella brassicaformis	CCMP3155	CryptoDB
Penicillium digitatum Pd1	INSDC	GCF_000315645.1	yes	0	53	0	Penicillium digitatum	Pd1	FungiDB
Encephalitozoon romaleae SJ-2008	GenBank	GCA_000280035.2	yes	0	0	13	Encephalitozoon romaleae	SJ-2008	MicrosporidiaDB
Cladophialophora psammophila CBS 110553	INSDC	GCA_000585535.1	yes	0	123	0	Cladophialophora psammophila	CBS 110553	FungiDB
Cladophialophora yegresii CBS 114405	INSDC	GCA_000585515.1	yes	0	8	0	Cladophialophora yegresii	CBS 114405	FungiDB
Exophiala aquamarina CBS 119918	INSDC	GCA_000709125.1	yes	0	151	0	Exophiala aquamarina	CBS 119918	FungiDB
Trichosporon asahii var. asahii CBS 2479	INSDC	GCA_000293215.1	yes	0	77	0	Trichosporon asahii	var. asahii CBS 2479	FungiDB
Toxoplasma gondii CtCo5	GenBank	GCA_000278365.1	no	6177	0	0	Toxoplasma gondii	CtCo5	ToxoDB
Verticillium dahliae JR2	INSDC	GCA_000400815.2	yes	0	0	8	Verticillium dahliae	JR2	FungiDB
Leishmania aethiopica L147	GenBank	GCA_000444285.2	yes	0	124	36	Leishmania aethiopica	L147	TriTrypDB
Leishmania tropica L590	GenBank	GCA_000410715.1	yes	0	124	36	Leishmania tropica	L590	TriTrypDB
Trypanosoma cruzi Tula cl2	GenBank	GCA_000365225.1	no	43931	1780	0	Trypanosoma cruzi	Tula cl2	TriTrypDB
Toxoplasma gondii RH-88	INSDC	GCA_013099955.1	no	0	183	13	Toxoplasma gondii	RH-88	ToxoDB
Pneumocystis jirovecii SE8	GenBank	GCA_000333975.2	yes	0	328	0	Pneumocystis jirovecii	SE8	FungiDB
Cyphellophora europaea CBS 101466	GenBank	GCA_000365145.2	yes	0	19	0	Cyphellophora europaea	CBS 101466	FungiDB
Mucor circinelloides 1006PhL	GenBank	GCA_000401635.1	yes	0	470	0	Mucor circinelloides	1006PhL	FungiDB
Pythium aphanidermatum DAOM BR444	GenBank	GCA_000387445.2	yes	0	1774	0	Pythium aphanidermatum	DAOM BR444	FungiDB
Pythium arrhenomanes ATCC 12531	GenBank	GCA_000387505.2	yes	0	10972	0	Pythium arrhenomanes	ATCC 12531	FungiDB
Globisporangium irregulare DAOM BR486	GenBank	GCA_000387425.2	yes	0	5887	0	Globisporangium irregulare	DAOM BR486	FungiDB
Globisporangium iwayamae DAOM BR242034	GenBank	GCA_000387465.2	yes	0	11542	0	Globisporangium iwayamae	DAOM BR242034	FungiDB
Globisporangium ultimum var. sporangiiferum BR650	GenBank	GCA_000387525.2	no	0	5482	0	Globisporangium ultimum	var. sporangiiferum BR650	FungiDB
Phytopythium vexans DAOM BR484	GenBank	GCA_000387545.2	yes	0	3685	0	Phytopythium vexans	DAOM BR484	FungiDB
Fusarium proliferatum ET1	GenBank	GCA_900067095.1	yes	32	0	0	Fusarium proliferatum	ET1	FungiDB
Fusarium oxysporum f. sp. cubense race 1	GenBank	GCA_000350345.1	no	0	1341	0	Fusarium oxysporum	f. sp. cubense race 1	FungiDB
Malassezia sympodialis ATCC 42132	INSDC	GCA_900149145.1	yes	0	0	8	Malassezia sympodialis	ATCC 42132	FungiDB
Plasmodium inui San Antonio 1	GenBank	GCA_000524495.1	yes	0	323	0	Plasmodium inui	San Antonio 1	PlasmoDB
Anncaliia algerae PRA109	GenBank	GCA_000385855.2	yes	0	7113	0	Anncaliia algerae	PRA109	MicrosporidiaDB
Emmonsia crescens UAMH 3008	INSDC	GCA_001008285.1	yes	0	1734	0	Emmonsia crescens	UAMH 3008	FungiDB
Acanthamoeba castellanii str. Neff	GenBank	GCA_000313135.1	yes	0	384	0	Acanthamoeba castellanii	str. Neff	AmoebaDB
Ophiostoma piceae UAMH 11346	INSDC	GCA_000410735.1	yes	0	45	0	Ophiostoma piceae	UAMH 11346	FungiDB
Lichtheimia corymbifera JMRC:FSU:9682	INSDC	GCA_000723665.1	yes	0	209	0	Lichtheimia corymbifera	JMRC:FSU:9682	FungiDB
Plasmodium vivax Sal-1	GenBank	GCA_000002415.2	no	2733	0	14	Plasmodium vivax	Sal-1	PlasmoDB
Blumeria graminis f. sp. tritici 96224	INSDC	GCA_900519115.1	yes	0	0	12	Blumeria graminis	f. sp. tritici 96224	FungiDB
Plasmodium cynomolgi strain M	GenBank	GCA_900180395.1	yes	40	0	14	Plasmodium cynomolgi	strain M	PlasmoDB
Metarhizium anisopliae ARSEF 549	INSDC	GCA_000814975.1	yes	0	74	0	Metarhizium anisopliae	ARSEF 549	FungiDB
Zymoseptoria tritici ST99CH_3D1	INSDC	GCA_900184105.1	no	0	0	21	Zymoseptoria tritici	ST99CH_3D1	FungiDB
Cladophialophora carrionii CBS 160.54	INSDC	GCA_000365165.2	no	0	19	0	Cladophialophora carrionii	CBS 160.54	FungiDB
Fusarium fujikuroi IMI 58289	GenBank	GCA_900079805.1	yes	0	0	12	Fusarium fujikuroi	IMI 58289	FungiDB
Stachybotrys chartarum IBT 40293	INSDC	GCA_000732565.1	yes	0	2342	0	Stachybotrys chartarum	IBT 40293	FungiDB
Anncaliia algerae PRA339	GenBank	GCA_000385875.2	no	0	431	0	Anncaliia algerae	PRA339	MicrosporidiaDB
Cryptococcus depauperatus CBS 7841	INSDC	GCA_001720195.1	yes	0	68	0	Cryptococcus depauperatus	CBS 7841	FungiDB
Cryptococcus depauperatus CBS 7855	INSDC	GCA_001720245.1	no	0	41	0	Cryptococcus depauperatus	CBS 7855	FungiDB
Leishmania panamensis MHOM/COL/81/L13	GenBank	GCA_000340495.1	yes	0	820	36	Leishmania panamensis	MHOM/COL/81/L13	TriTrypDB
Leishmania braziliensis MHOM/BR/75/M2903	GenBank	GCA_000340355.2	no	0	709	35	Leishmania braziliensis	MHOM/BR/75/M2903	TriTrypDB
Kwoniella bestiolae CBS 10118	GenBank	GCA_000512585.2	yes	0	12	0	Kwoniella bestiolae	CBS 10118	FungiDB
Cryptococcus gattii EJB2	GenBank	GCA_000835745.1	no	0	282	0	Cryptococcus gattii VGI	EJB2	FungiDB
Cryptococcus gattii VGIV IND107	GenBank	GCA_000835755.1	no	0	34	0	Cryptococcus gattii VGIV	IND107	FungiDB
Cryptococcus gattii NT-10	GenBank	GCA_000935105.1	no	0	226	0	Cryptococcus gattii VGI	NT10	FungiDB
Cryptococcus gattii CA1873	GenBank	GCA_000855695.1	no	0	33	0	Cryptococcus gattii VGIII	CA1873	FungiDB
Kwoniella heveanensis CBS 569	GenBank	GCA_000507425.3	yes	0	242	0	Kwoniella heveanensis	CBS 569	FungiDB
Kwoniella dejecticola CBS 10117	GenBank	GCA_000512565.2	yes	0	13	0	Kwoniella dejecticola	CBS 10117	FungiDB
Kwoniella mangroviensis CBS 8507	INSDC	GCA_000507465.3	yes	0	62	0	Kwoniella mangrovensis	CBS8507	FungiDB
Mastigamoeba balamuthi ATCC 30984	INSDC	GCA_902651635.1	yes	0	1925	0	Mastigamoeba balamuthi	ATCC 30984	AmoebaDB
Lentinus tigrinus ALCF2SS1-7	INSDC	GCA_003813185.1	yes	0	207	0	Lentinus tigrinus	ALCF2SS1-7	FungiDB
Aspergillus niger ATCC 13496	GenBank	GCA_003344705.1	no	0	133	0	Aspergillus niger	ATCC 13496	FungiDB
Ordospora colligata OC4	GenBank	GCA_000803265.1	yes	15	0	0	Ordospora colligata	OC4	MicrosporidiaDB
Encephalitozoon cuniculi EcunIII-L	GenBank	GCA_001078035.1	no	0	0	15	Encephalitozoon cuniculi	EcunIII-L	MicrosporidiaDB
Spraguea lophii 42_110	GenBank	GCA_000430065.1	yes	1392	0	0	Spraguea lophii	42_110	MicrosporidiaDB
Plasmodium falciparum HB3	GenBank	GCA_900631985.1	no	12	0	14	Plasmodium falciparum	HB3	PlasmoDB
Aspergillus campestris IBT 28561	GenBank	GCA_002847485.1	yes	62	0	0	Aspergillus campestris	IBT 28561	FungiDB
Aspergillus steynii IBT 23096	GenBank	GCA_002849105.1	yes	37	0	0	Aspergillus steynii	IBT 23096	FungiDB
Aspergillus novofumigatus IBT 16806	GenBank	GCA_002847465.1	yes	62	0	0	Aspergillus novofumigatus	IBT 16806	FungiDB
Aspergillus ochraceoroseus IBT 24754	GenBank	GCA_002846915.2	yes	34	0	0	Aspergillus ochraceoroseus	IBT 24754	FungiDB
Cryptococcus neoformans var. neoformans XL280	INSDC	GCA_002216205.1	no	0	32	5	Cryptococcus neoformans	var. neoformans XL280	FungiDB
Sporothrix schenckii 1099-18	GenBank	GCA_000961545.1	yes	15	0	0	Sporothrix schenckii	1099-18	FungiDB
Sporothrix brasiliensis 5110	GenBank	GCA_000820605.1	yes	12	0	0	Sporothrix brasiliensis	5110	FungiDB
Pneumocystis jirovecii RU7	INSDC	GCA_001477535.1	no	0	70	0	Pneumocystis jirovecii	RU7	FungiDB
Pneumocystis carinii B80	INSDC	GCF_001477545.1	yes	0	62	0	Pneumocystis carinii	B80	FungiDB
Trypanosoma cruzi Dm28c 2014	GenBank	GCA_000496795.1	no	1210	0	0	Trypanosoma cruzi	Dm28c 2014	TriTrypDB
Fonsecaea pedrosoi CBS 271.37	GenBank	GCA_000835455.1	yes	0	11	0	Fonsecaea pedrosoi	CBS 271.37	FungiDB
Rhinocladiella mackenziei CBS 650.93	INSDC	GCA_000835555.1	yes	0	17	0	Rhinocladiella mackenziei	CBS 650.93	FungiDB
Cladophialophora bantiana CBS 173.52	INSDC	GCA_000835475.1	yes	0	60	0	Cladophialophora bantiana	CBS 173.52	FungiDB
Fonsecaea multimorphosa CBS 102226	INSDC	GCA_000836435.1	yes	0	67	0	Fonsecaea multimorphosa	CBS 102226	FungiDB
Emergomyces pasteurianus Ep9510	INSDC	GCA_001883825.1	yes	0	1643	0	Emergomyces pasteurianus	Ep9510	FungiDB
Aspergillus eucalypticola CBS 122712	INSDC	GCA_003184535.1	yes	0	131	0	Aspergillus eucalypticola	CBS 122712	FungiDB
Aspergillus uvarum CBS 121591	INSDC	GCA_003184745.1	yes	0	172	0	Aspergillus uvarum	CBS 121591	FungiDB
Aspergillus ibericus CBS 121593	INSDC	GCA_003184845.1	yes	0	116	0	Aspergillus ibericus	CBS 121593	FungiDB
Aspergillus sclerotiicarbonarius CBS 121057	INSDC	GCA_003184635.1	yes	0	166	0	Aspergillus sclerotiicarbonarius	CBS 121057	FungiDB
Aspergillus fijiensis CBS 313.89	INSDC	GCA_003184825.1	yes	0	149	0	Aspergillus fijiensis	CBS 313.89	FungiDB
Aspergillus ellipticus CBS 707.79	INSDC	GCA_003184645.1	yes	0	518	0	Aspergillus ellipticus	CBS 707.79	FungiDB
Aspergillus heteromorphus CBS 117.55	INSDC	GCA_003184545.1	yes	0	205	0	Aspergillus heteromorphus	CBS 117.55	FungiDB
Aspergillus homomorphus CBS 101889	INSDC	GCA_003184865.1	yes	0	152	0	Aspergillus homomorphus	CBS 101889	FungiDB
Theileria equi strain WA	GenBank	GCA_000342415.1	yes	0	8	2	Theileria equi	strain WA	PiroplasmaDB
Cryptosporidium sp. chipmunk LX-2015	GenBank	GCA_000831705.1	yes	853	0	0	Cryptosporidium sp.	chipmunk LX-2015	CryptoDB
Anopheles gambiae PEST	INSDC	GCA_000005575.2	yes	0	145	7	Anopheles gambiae	PEST	VectorBase
Nematocida ironsii ERTm5	INSDC	GCA_001642415.1	yes	0	186	0	Nematocida ironsii	ERTm5	MicrosporidiaDB
Giardia Assemblage A isolate WB	GenBank	GCA_000002435.1	no	133	73	5	Giardia Assemblage A	isolate WB	GiardiaDB
Trypanosoma brucei brucei TREU927	GenBank	GCA_000002445.1	yes	115	0	16	Trypanosoma brucei	brucei TREU927	TriTrypDB
Amphiamblys sp. WSBS2006	GenBank	GCA_001875675.1	yes	1727	0	0	unclassified Amphiamblys	WSBS2006	MicrosporidiaDB
Cryptococcus neoformans var. neoformans JEC21	GenBank	GCA_000091045.1	yes	0	0	14	Cryptococcus neoformans	var. neoformans JEC21	FungiDB
Coccidioides posadasii C735 delta SOWgp	GenBank	GCA_000151335.1	no	0	55	0	Coccidioides posadasii	C735 delta SOWgp	FungiDB
Chaetothyriales sp. CBS 132003	INSDC	GCA_003709865.1	yes	0	118	0	Chaetothyriales sp.	CBS 132003	FungiDB
Aspergillus nidulans FGSC A4	GenBank	GCA_000149205.2	yes	0	0	8	Aspergillus nidulans	FGSC A4	FungiDB
Fusarium graminearum PH-1	GenBank	GCA_900044135.1	yes	0	1	4	Fusarium graminearum	PH-1	FungiDB
Cryptococcus neoformans var. grubii H99	GenBank	GCA_000149245.3	no	0	0	14	Cryptococcus neoformans	var. grubii H99	FungiDB
Candida albicans SC5314	GenBank	GCA_000182965.3	yes	0	0	8	Candida albicans	SC5314	FungiDB
Ustilago maydis 521	GenBank	GCA_000328475.2	yes	0	4	23	Ustilago maydis	521	FungiDB
Coprinopsis cinerea okayama7#130	GenBank	GCA_000182895.1	yes	0	67	0	Coprinopsis cinerea	okayama7#130	FungiDB
Pyricularia oryzae 70-15	GenBank	GCA_000002495.2	yes	0	46	7	Pyricularia oryzae	70-15	FungiDB
Rhizopus delemar RA 99-880	GenBank	GCA_000149305.1	yes	0	81	0	Rhizopus delemar	RA 99-880	FungiDB
Coccidioides immitis RS	GenBank	GCA_000149335.2	yes	0	6	0	Coccidioides immitis	RS	FungiDB
Microsporidium sp. FI-F-10	INSDC	GCA_021821965.1	yes	0	22	0	Microsporidium sp.	FI-F-10	MicrosporidiaDB
Phanerochaete chrysosporium RP-78	GenBank	GCA_000167175.1	yes	0	232	0	Phanerochaete chrysosporium	RP-78	FungiDB
Cryptococcus neoformans var. neoformans B-3501A	GenBank	GCA_000149385.1	no	0	0	14	Cryptococcus neoformans	var. neoformans B-3501A	FungiDB
Kluyveromyces lactis NRRL Y-1140	INSDC	GCA_000002515.1	yes	0	0	6	Kluyveromyces lactis	NRRL Y-1140	FungiDB
Yarrowia lipolytica CLIB122	GenBank	GCA_000002525.1	yes	0	0	6	Yarrowia lipolytica	CLIB122	FungiDB
Debaryomyces hansenii CBS767	INSDC	GCA_000006445.2	yes	0	0	7	Debaryomyces hansenii	CBS767	FungiDB
Nakaseomyces glabratus CBS 138	GenBank	GCA_000002545.2	yes	0	0	13	Nakaseomyces glabratus	CBS 138	FungiDB
Schizosaccharomyces pombe 972h-	GenBank	GCA_000002945.2	yes	0	2	3	Schizosaccharomyces pombe	972h-	FungiDB
Encephalitozoon cuniculi GB-M1	GenBank	GCA_000091225.2	yes	0	0	11	Encephalitozoon cuniculi	GB-M1	MicrosporidiaDB
Porospora cf. gigantea B	INSDC	GCA_019968985.1	no	0	933	0	Porospora gigantea	B	CryptoDB
Porospora cf. gigantea A	INSDC	GCA_019968955.1	yes	0	787	0	Porospora gigantea	A	CryptoDB
Acanthamoeba sp. SK_2022c	INSDC	GCA_027944975.1	no	0	20778	0	Acanthamoeba sp.	SK_2022c	AmoebaDB
Acanthamoeba sp. SK_2022b	INSDC	GCA_027943245.1	no	0	1790	0	Acanthamoeba sp.	SK_2022b	AmoebaDB
Acanthamoeba sp. SK_2022a	INSDC	GCA_027943295.1	no	0	2108	0	Acanthamoeba sp.	SK_2022a	AmoebaDB
Entamoeba histolytica HM-1:IMSS	GenBank	GCA_000208925.2	yes	0	1496	0	Entamoeba histolytica	HM-1:IMSS	AmoebaDB
Meyerozyma guilliermondii ATCC 6260	INSDC	GCA_000149425.1	yes	0	9	0	Meyerozyma guilliermondii	ATCC 6260	FungiDB
Candida tropicalis MYA-3404	GenBank	GCA_000006335.3	yes	0	23	0	Candida tropicalis	MYA-3404	FungiDB
Candida albicans WO-1	GenBank	GCA_000149445.2	no	0	16	0	Candida albicans	WO-1	FungiDB
Cryptococcus gattii VGII R265	GenBank	GCA_002954075.1	yes	0	0	14	Cryptococcus gattii VGII	R265	FungiDB
Chaetomium globosum CBS 148.51	INSDC	GCA_000143365.1	yes	0	21	0	Chaetomium globosum	CBS 148.51	FungiDB
Clavispora lusitaniae ATCC 42720	GenBank	GCA_000003835.1	yes	0	9	0	Clavispora lusitaniae	ATCC 42720	FungiDB
Plasmodium chabaudi chabaudi	GenBank	GCA_900002335.2	yes	0	0	14	Plasmodium chabaudi	chabaudi	PlasmoDB
Parastagonospora nodorum SN15	INSDC	GCA_016801405.1	yes	0	0	23	Parastagonospora nodorum	SN15	FungiDB
Aspergillus fumigatus Af293	GenBank	GCA_000002655.1	yes	0	0	8	Aspergillus fumigatus	Af293	FungiDB
Aspergillus fischeri NRRL 181	GenBank	GCA_000149645.4	yes	0	163	0	Aspergillus fischeri	NRRL 181	FungiDB
Botrytis cinerea B05.10	GenBank	GCA_000143535.4	yes	0	0	18	Botrytis cinerea	B05.10	FungiDB
Aspergillus flavus NRRL3357	GenBank	GCA_000006275.3	yes	0	282	0	Aspergillus flavus	NRRL3357	FungiDB
Theileria parva strain Muguga	GenBank	GCA_000165365.1	yes	0	6	2	Theileria parva	strain Muguga	PiroplasmaDB
Fusarium verticillioides 7600	GenBank	GCA_000149555.1	yes	0	10	11	Fusarium verticillioides	7600	FungiDB
Zymoseptoria tritici IPO323	GenBank	GCA_000219625.1	yes	0	0	21	Zymoseptoria tritici	IPO323	FungiDB
Uncinocarpus reesii 1704	GenBank	GCA_000003515.2	yes	0	44	0	Uncinocarpus reesii	1704	FungiDB
Histoplasma capsulatum NAm1	GenBank	GCA_000149585.1	no	0	276	0	Histoplasma capsulatum	NAm1	FungiDB
Aspergillus terreus NIH2624	GenBank	GCA_000149615.1	yes	0	26	0	Aspergillus terreus	NIH2624	FungiDB
Aspergillus clavatus NRRL 1	GenBank	GCA_000002715.1	yes	0	143	0	Aspergillus clavatus	NRRL 1	FungiDB
Leishmania major strain Friedlin	GenBank	GCA_000002725.2	yes	0	0	36	Leishmania major	strain Friedlin	TriTrypDB
Dictyostelium discoideum AX4	INSDC	GCF_000004695.1	yes	0	33	7	Dictyostelium discoideum	AX4	AmoebaDB
Plasmodium yoelii yoelii 17XNL	GenBank	GCA_000003085.2	no	5617	0	0	Plasmodium yoelii	yoelii 17XNL	PlasmoDB
Cryptosporidium hominis TU502	GenBank	GCA_000006425.1	yes	1422	0	0	Cryptosporidium hominis	TU502	CryptoDB
Cryptosporidium parvum Iowa II	GenBank	GCA_000165345.1	yes	0	0	8	Cryptosporidium parvum	Iowa II	CryptoDB
Trypanosoma cruzi strain CL Brener	GenBank	GCA_000209065.1	no	29407	0	0	Trypanosoma cruzi	strain CL Brener	TriTrypDB
Theileria annulata strain Ankara	GenBank	GCA_000003225.1	yes	0	0	4	Theileria annulata	strain Ankara	PiroplasmaDB
Plasmodium falciparum 3D7	GenBank	GCA_000002765.3	yes	0	0	14	Plasmodium falciparum	3D7	PlasmoDB
Trypanosoma cruzi strain Esmeraldo	GenBank	GCA_000327425.1	no	15007	796	0	Trypanosoma cruzi	strain Esmeraldo	TriTrypDB
Neurospora crassa OR74A	GenBank	GCA_000182925.2	yes	0	13	7	Neurospora crassa	OR74A	FungiDB
Cryptococcus gattii WM276	GenBank	GCA_000185945.1	yes	0	0	14	Cryptococcus gattii VGI	WM276	FungiDB
Entamoeba dispar SAW760	GenBank	GCA_000209125.2	yes	0	3312	0	Entamoeba dispar	SAW760	AmoebaDB
Entamoeba invadens IP1	GenBank	GCA_000330505.1	yes	0	1144	0	Entamoeba invadens	IP1	AmoebaDB
Lodderomyces elongisporus NRRL YB-4239	INSDC	GCA_000149685.1	yes	0	27	0	Lodderomyces elongisporus	NRRL YB-4239	FungiDB
Aspergillus niger ATCC 1015	GenBank	GCA_000230395.2	no	0	24	0	Aspergillus niger	ATCC 1015	FungiDB
Pseudocercospora fijiensis CIRAD86	INSDC	GCA_000340215.1	yes	0	56	0	Pseudocercospora fijiensis	CIRAD86	FungiDB
Ascosphaera apis ARSEF 7405	INSDC	GCA_001636715.1	yes	0	82	0	Ascosphaera apis	ARSEF 7405	FungiDB
Coccidioides immitis H538.4	GenBank	GCA_000149815.1	no	0	553	0	Coccidioides immitis	H538.4	FungiDB
Schizosaccharomyces japonicus yFS275	GenBank	GCA_000149845.2	yes	0	32	0	Schizosaccharomyces japonicus	yFS275	FungiDB
Batrachochytrium dendrobatidis JEL423	GenBank	GCA_000149865.1	yes	0	69	0	Batrachochytrium dendrobatidis	JEL423	FungiDB
Phytophthora infestans T30-4	GenBank	GCA_000142945.1	yes	0	4921	0	Phytophthora infestans	T30-4	FungiDB
Coccidioides immitis RMSCC 2394	GenBank	GCA_000149895.1	no	0	23	0	Coccidioides immitis	RMSCC 2394	FungiDB
Trichomonas vaginalis G3	GenBank	GCA_000002825.1	no	0	64764	0	Trichomonas vaginalis	G3	TrichDB
Trichoderma virens Gv29-8	GenBank	GCA_000170995.2	yes	93	0	0	Trichoderma virens	Gv29-8	FungiDB
Eimeria tenella strain Houghton	GenBank	GCA_000499545.1	no	0	4664	0	Eimeria tenella	strain Houghton	ToxoDB
Puccinia graminis f. sp. tritici CRL 75-36-700-3	GenBank	GCA_000149925.1	yes	0	392	0	Puccinia graminis	f. sp. tritici CRL 75-36-700-3	FungiDB
Leishmania braziliensis MHOM/BR/75/M2904	GenBank	GCA_000002845.2	yes	103	0	36	Leishmania braziliensis	MHOM/BR/75/M2904	TriTrypDB
Aspergillus niger CBS 513.88	GenBank	GCA_000002855.2	yes	0	19	0	Aspergillus niger	CBS 513.88	FungiDB
Malassezia restricta CBS 7877	INSDC	GCA_003691605.1	no	0	0	9	Malassezia restricta	CBS 7877	FungiDB
Malassezia globosa CBS 7966	GenBank	GCA_000181695.1	yes	0	67	0	Malassezia globosa	CBS 7966	FungiDB
Fusarium oxysporum f. sp. lycopersici 4287	GenBank	GCA_000149955.2	yes	0	70	15	Fusarium oxysporum	f. sp. lycopersici 4287	FungiDB
Trypanosoma rangeli SC58	GenBank	GCA_000492115.1	yes	7433	0	0	Trypanosoma rangeli	SC58	TriTrypDB
Trichoderma reesei QM6a	GenBank	GCA_000167675.2	yes	0	77	0	Trichoderma reesei	QM6a	FungiDB
Globisporangium ultimum DAOM BR144	GenBank	GCA_000143045.1	yes	0	975	0	Globisporangium ultimum	DAOM BR144	FungiDB
Toxoplasma gondii VEG	GenBank	GCA_000150015.2	no	0	1290	14	Toxoplasma gondii	VEG	ToxoDB
Leishmania infantum JPCM5	GenBank	GCA_900500625.2	yes	0	0	36	Leishmania infantum	JPCM5	TriTrypDB
Cryptosporidium muris RN66	GenBank	GCF_000006515.1	yes	0	84	0	Cryptosporidium muris	RN66	CryptoDB
Talaromyces stipitatus ATCC 10500	GenBank	GCA_000003125.1	yes	0	820	0	Talaromyces stipitatus	ATCC 10500	FungiDB
Talaromyces marneffei ATCC 18224	GenBank	GCA_000001985.1	yes	0	452	0	Talaromyces marneffei	ATCC 18224	FungiDB
Coccidioides posadasii str. Silveira	GenBank	GCA_000170175.2	yes	0	54	0	Coccidioides posadasii	str. Silveira	FungiDB
Histoplasma capsulatum G186AR	GenBank	GCA_017355575.1	no	0	0	6	Histoplasma capsulatum	G186AR	FungiDB
Histoplasma capsulatum G217B	GenBank	GCA_017607445.1	yes	0	11	0	Histoplasma capsulatum	G217B	FungiDB
Blastomyces dermatitidis ATCC 26199	INSDC	GCA_000166155.1	no	0	3282	0	Blastomyces dermatitidis	ATCC 26199	FungiDB
Aspergillus fumigatus A1163	GenBank	GCA_000150145.1	no	0	55	0	Aspergillus fumigatus	A1163	FungiDB
Coccidioides posadasii RMSCC 3488	GenBank	GCA_000150055.1	no	0	6	0	Coccidioides posadasii	RMSCC 3488	FungiDB
Coccidioides immitis RMSCC 3703	GenBank	GCA_000150085.1	no	0	286	0	Coccidioides immitis	RMSCC 3703	FungiDB
Coccidioides posadasii RMSCC 2133	GenBank	GCA_000150185.1	no	0	53	0	Coccidioides posadasii	RMSCC 2133	FungiDB
Coccidioides posadasii RMSCC 3700	GenBank	GCA_000150215.1	no	0	241	0	Coccidioides posadasii	RMSCC 3700	FungiDB
Coccidioides posadasii CPA 0001	GenBank	GCA_000150245.1	no	0	255	0	Coccidioides posadasii	CPA 0001	FungiDB
Enterocytozoon bieneusi H348	GenBank	GCA_000209485.1	yes	1730	3	0	Enterocytozoon bieneusi	H348	MicrosporidiaDB
Paracoccidioides brasiliensis Pb03	GenBank	GCA_000150475.2	yes	0	65	0	Paracoccidioides brasiliensis	Pb03	FungiDB
Schizosaccharomyces octosporus yFS286	GenBank	GCA_000150505.2	yes	0	5	0	Schizosaccharomyces octosporus	yFS286	FungiDB
Babesia bovis T2Bo	GenBank	GCA_000165395.2	yes	0	3	3	Babesia bovis	T2Bo	PiroplasmaDB
Coccidioides posadasii RMSCC 1037	GenBank	GCA_000150555.1	no	0	633	0	Coccidioides posadasii	RMSCC 1037	FungiDB
Coccidioides posadasii RMSCC 1038	GenBank	GCA_000150585.1	no	0	551	0	Coccidioides posadasii	RMSCC 1038	FungiDB
Coccidioides posadasii CPA 0020	GenBank	GCA_000150615.1	no	0	620	0	Coccidioides posadasii	CPA 0020	FungiDB
Coccidioides posadasii CPA 0066	GenBank	GCA_000150645.1	no	0	473	0	Coccidioides posadasii	CPA 0066	FungiDB
Penicillium rubens Wisconsin 54-1255	GenBank	GCA_000226395.1	yes	0	49	0	Penicillium rubens	Wisconsin 54-1255	FungiDB
Paracoccidioides lutzii Pb01	GenBank	GCA_000150705.2	yes	0	110	0	Paracoccidioides lutzii	Pb01	FungiDB
Paracoccidioides brasiliensis Pb18	GenBank	GCA_000150735.2	no	0	57	0	Paracoccidioides brasiliensis	Pb18	FungiDB
Toxoplasma gondii GT1	GenBank	GCA_000149715.2	no	2034	0	14	Toxoplasma gondii	GT1	ToxoDB
Toxoplasma gondii ME49	GenBank	GCF_000006565.2	yes	0	2248	14	Toxoplasma gondii	ME49	ToxoDB
Aspergillus oryzae RIB40	GenBank	GCA_000184455.3	yes	3	0	8	Aspergillus oryzae	RIB40	FungiDB
Neurospora tetrasperma FGSC 2508	GenBank	GCA_000213175.1	yes	0	81	0	Neurospora tetrasperma	FGSC 2508	FungiDB
Neurospora discreta FGSC 8579	JGI	1	yes	0	176	0	Neurospora discreta	FGSC 8579	FungiDB
Podospora anserina S mat+	INSDC	GCA_000226545.1	yes	0	33	0	Podospora anserina	S mat+	FungiDB
Nannizzia gypsea CBS 118893	INSDC	GCA_000150975.2	yes	0	18	0	Nannizzia gypsea	CBS 118893	FungiDB
Histoplasma capsulatum H88	GenBank	GCA_017310615.1	no	0	0	6	Histoplasma capsulatum	H88	FungiDB
Histoplasma capsulatum H143	GenBank	GCA_000151035.1	no	0	48	0	Histoplasma capsulatum	H143	FungiDB
Microsporum canis CBS 113480	INSDC	GCA_000151145.1	yes	0	16	0	Microsporum canis	CBS 113480	FungiDB
Saccharomyces cerevisiae S288C	GenBank	GCA_000146045.2	yes	0	0	16	Saccharomyces cerevisiae	S288C	FungiDB
Blastomyces dermatitidis ER-3	INSDC	GCA_000003525.2	yes	0	25	0	Blastomyces dermatitidis	ER-3	FungiDB
Blastomyces gilchristii SLH14081	INSDC	GCA_000003855.2	yes	0	100	0	Blastomyces gilchristii	SLH14081	FungiDB
Trichophyton rubrum CBS 118892	INSDC	GCA_000151425.1	yes	0	35	0	Trichophyton rubrum	CBS 118892	FungiDB
Hyaloperonospora arabidopsidis Emoy2	GenBank	GCA_000173235.2	yes	0	3044	0	Hyaloperonospora arabidopsidis	Emoy2	FungiDB
Trichophyton equinum CBS 127.97	INSDC	GCA_000151175.1	yes	0	123	0	Trichophyton equinum	CBS 127.97	FungiDB
Neospora caninum Liverpool	GenBank	GCA_000208865.2	yes	52	0	14	Neospora caninum	Liverpool	ToxoDB
Plasmodium falciparum 7G8	Sanger	Apr 20, 2018	no	1	0	14	Plasmodium falciparum	7G8	PlasmoDB
Plasmodium falciparum Dd2	GenBank	GCA_900632045.1	no	0	0	14	Plasmodium falciparum	Dd2	PlasmoDB
Thermothelomyces thermophilus ATCC 42464	INSDC	GCA_000226095.1	yes	0	0	7	Thermothelomyces thermophilus	ATCC 42464	FungiDB
Candida dubliniensis CD36	INSDC	GCA_000026945.1	yes	0	0	8	Candida dubliniensis	CD36	FungiDB
Candida parapsilosis CDC317	GenBank	GCA_000182765.2	yes	0	0	8	Candida parapsilosis	CDC317	FungiDB
Tremella mesenterica DSM 1558	GenBank	GCA_000271645.1	yes	0	45	0	Tremella mesenterica	DSM 1558	FungiDB
Schizophyllum commune H4-8	INSDC	GCA_000143185.2	yes	0	25	0	Schizophyllum commune	H4-8	FungiDB
Nosema ceranae BRL01	GenBank	GCA_000182985.1	yes	5465	0	0	Nosema ceranae	BRL01	MicrosporidiaDB
Nosema bombycis CQ1	GenBank	GCA_000383075.1	yes	0	1607	0	Nosema bombycis	CQ1	MicrosporidiaDB
Allomyces macrogynus ATCC 38327	GenBank	GCA_000151295.1	yes	0	101	0	Allomyces macrogynus	ATCC 38327	FungiDB
Plasmodium berghei ANKA	GenBank	GCA_900002375.2	yes	5	0	14	Plasmodium berghei	ANKA	PlasmoDB
Plasmodium falciparum NF54	INSDC	GCA_009761475.1	no	0	28	0	Plasmodium falciparum	NF54	PlasmoDB
Plasmodium knowlesi strain H	GenBank	GCA_000006355.3	yes	148	0	14	Plasmodium knowlesi	strain H	PlasmoDB
Giardia Assemblage B isolate GS	GenBank	GCA_000182405.1	no	2931	0	0	Giardia Assemblage B	isolate GS	GiardiaDB
Aspergillus carbonarius ITEM 5010	GenBank	GCA_001990825.1	yes	0	829	0	Aspergillus carbonarius	ITEM 5010	FungiDB
Puccinia triticina 1-1 BBBD Race 1	GenBank	GCA_000151525.2	yes	14818	0	0	Puccinia triticina	1-1 BBBD Race 1	FungiDB
Gaeumannomyces tritici R3-111a-1	INSDC	GCA_000145635.1	yes	0	513	0	Gaeumannomyces tritici	R3-111a-1	FungiDB
Magnaporthiopsis poae ATCC 64411	INSDC	GCA_000193285.1	yes	0	205	0	Magnaporthiopsis poae	ATCC 64411	FungiDB
Colletotrichum graminicola M1.001	INSDC	GCA_000149035.1	yes	0	653	0	Colletotrichum graminicola	M1.001	FungiDB
Spizellomyces punctatus DAOM BR117	GenBank	GCA_000182565.2	yes	0	38	0	Spizellomyces punctatus	DAOM BR117	FungiDB
Trichophyton tonsurans CBS 112818	INSDC	GCA_000151455.1	yes	0	110	0	Trichophyton tonsurans	CBS 112818	FungiDB
Hamiltosporidium tvaerminnensis OER-3-3	GenBank	GCA_000180835.1	no	41786	0	0	Hamiltosporidium tvaerminnensis	OER-3-3	MicrosporidiaDB
Pseudogymnoascus destructans 20631-21	INSDC	GCA_000184105.1	yes	0	1846	0	Pseudogymnoascus destructans	20631-21	FungiDB
Giardia Assemblage E isolate P15	GenBank	GCA_000182665.1	no	820	0	0	Giardia Assemblage E	isolate P15	GiardiaDB
Fusarium oxysporum f. sp. conglutinans Fo5176	INSDC	GCA_014154955.1	no	0	4	15	Fusarium oxysporum	f. sp. conglutinans Fo5176	FungiDB
Fusarium oxysporum Fo47	GenBank	GCA_000271705.2	no	0	124	0	Fusarium oxysporum	Fo47	FungiDB
Fusarium oxysporum NRRL 32931	GenBank	GCA_000271745.2	no	0	168	0	Fusarium oxysporum	NRRL 32931	FungiDB
Fusarium vanettenii 77-13-4	INSDC	GCA_000151355.1	yes	0	209	0	Fusarium vanettenii	77-13-4	FungiDB
Sclerotinia sclerotiorum 1980 UF-70	GenBank	GCA_001857865.1	yes	0	0	16	Sclerotinia sclerotiorum	1980 UF-70	FungiDB
Trypanosoma brucei gambiense DAL972	GenBank	GCA_000210295.1	no	0	0	11	Trypanosoma brucei	gambiense DAL972	TriTrypDB
Aspergillus aculeatus ATCC 16872	GenBank	GCA_001890905.1	yes	0	660	0	Aspergillus aculeatus	ATCC 16872	FungiDB
Saprolegnia parasitica CBS 223.65	GenBank	GCA_000151545.2	yes	0	1442	0	Saprolegnia parasitica	CBS 223.65	FungiDB
Naegleria gruberi strain NEG-M	INSDC	GCA_000004985.1	yes	0	784	0	Naegleria gruberi	strain NEG-M	AmoebaDB
Rhizophagus irregularis DAOM 181602=DAOM 197198	GenBank	GCA_020716725.1	yes	0	0	33	Rhizophagus irregularis	DAOM 181602=DAOM 197198	FungiDB
Melampsora larici-populina 98AG31	GenBank	GCA_000204055.1	yes	0	462	0	Melampsora larici-populina	98AG31	FungiDB
Mucor lusitanicus CBS 277.49	GenBank	GCA_001638945.1	yes	0	21	0	Mucor lusitanicus	CBS 277.49	FungiDB
Colletotrichum higginsianum IMI 349063	INSDC	GCA_001672515.1	yes	0	14	11	Colletotrichum higginsianum	IMI 349063	FungiDB
Phytophthora parasitica INRA-310	GenBank	GCA_000247585.2	yes	0	708	0	Phytophthora parasitica	INRA-310	FungiDB
Phycomyces blakesleeanus NRRL 1555(-)	GenBank	GCA_001638985.2	yes	0	80	0	Phycomyces blakesleeanus	NRRL 1555(-)	FungiDB
Phytophthora capsici LT1534	INSDC	GCA_016618375.1	yes	0	782	0	Phytophthora capsici	LT1534	FungiDB
Aspergillus brasiliensis CBS 101740	GenBank	GCA_001889945.1	yes	0	103	0	Aspergillus brasiliensis	CBS 101740	FungiDB
Aspergillus tubingensis CBS 134.48	GenBank	GCA_001890745.1	yes	0	33	0	Aspergillus tubingensis	CBS 134.48	FungiDB
Sordaria macrospora k-hell	GenBank	GCF_000182805.3	yes	0	1212	0	Sordaria macrospora	k-hell	FungiDB
Cenococcum geophilum 1.58	GenBank	GCA_001692895.1	yes	0	268	0	Cenococcum geophilum	1.58	FungiDB
Exophiala dermatitidis NIH/UT8656	INSDC	GCA_000230625.1	yes	0	10	0	Exophiala dermatitidis	NIH/UT8656	FungiDB
Leishmania major strain LV39c5	GenBank	GCA_000331345.1	no	0	773	36	Leishmania major	strain LV39c5	TriTrypDB
Leishmania major strain SD 75.1	GenBank	GCA_000250755.2	no	0	36	0	Leishmania major	strain SD 75.1	TriTrypDB
Theileria orientalis strain Shintoku	GenBank	GCA_000740895.1	yes	0	0	4	Theileria orientalis	strain Shintoku	PiroplasmaDB
Encephalitozoon intestinalis ATCC 50506	GenBank	GCA_000146465.1	yes	0	0	11	Encephalitozoon intestinalis	ATCC 50506	MicrosporidiaDB
Epichloe festucae Fl1	INSDC	GCA_003814445.1	yes	0	0	7	Epichloe festucae	Fl1	FungiDB
Nematocida parisii ERTm1	GenBank	GCA_000250985.1	yes	0	65	0	Nematocida parisii	ERTm1	MicrosporidiaDB
Entamoeba histolytica DS4-868	INSDC	GCA_018466815.1	no	0	1177	0	Entamoeba histolytica	DS4-868	AmoebaDB
Entamoeba histolytica KU27	GenBank	GCA_000338855.1	no	0	1796	0	Entamoeba histolytica	KU27	AmoebaDB
Entamoeba histolytica KU48	INSDC	GCA_019059535.1	no	0	1168	0	Entamoeba histolytica	KU48	AmoebaDB
Entamoeba histolytica KU50	INSDC	GCA_020283535.1	no	0	1063	0	Entamoeba histolytica	KU50	AmoebaDB
Entamoeba histolytica HM-3:IMSS	GenBank	GCA_000346345.1	no	0	1880	0	Entamoeba histolytica	HM-3:IMSS	AmoebaDB
Entamoeba histolytica HM-1:IMSS-A	GenBank	GCA_000365475.1	no	0	1685	0	Entamoeba histolytica	HM-1:IMSS-A	AmoebaDB
Entamoeba histolytica HM-1:IMSS-B	GenBank	GCA_000344925.1	no	0	1938	0	Entamoeba histolytica	HM-1:IMSS-B	AmoebaDB
Albugo laibachii Nc14	Ensembl	Mar 02, 2016	yes	0	3827	0	Albugo laibachii	Nc14	FungiDB
Encephalitozoon hellem ATCC 50504	GenBank	GCA_000277815.3	yes	0	0	12	Encephalitozoon hellem	ATCC 50504	MicrosporidiaDB
Albugo candida 2VRR	Saskatchewan	2014-05-13	yes	0	252	0	Albugo candida	2VRR	FungiDB
Trypanosoma cruzi JR cl. 4	GenBank	GCA_000331405.1	no	14752	560	0	Trypanosoma cruzi	JR cl. 4	TriTrypDB
Leishmania mexicana MHOM/GT/2001/U1103	GenBank	GCA_000234665.4	yes	554	0	34	Leishmania mexicana	MHOM/GT/2001/U1103	TriTrypDB
Toxoplasma gondii VAND	GenBank	GCA_000224845.2	no	0	2137	0	Toxoplasma gondii	VAND	ToxoDB
Toxoplasma gondii RUB	GenBank	GCA_000224805.2	no	0	2424	0	Toxoplasma gondii	RUB	ToxoDB
Nematocida parisii ERTm3	GenBank	GCA_000190615.1	no	0	53	0	Nematocida parisii	ERTm3	MicrosporidiaDB
Toxoplasma gondii MAS	GenBank	GCA_000224865.2	no	0	2180	0	Toxoplasma gondii	MAS	ToxoDB
Toxoplasma gondii p89	GenBank	GCA_000224885.2	no	0	2150	0	Toxoplasma gondii	p89	ToxoDB
Toxoplasma gondii TgCATBr9	GenBank	GCA_000224825.2	no	0	2452	0	Toxoplasma gondii	TgCATBr9	ToxoDB
Toxoplasma gondii TgCATBr5	GenBank	GCA_000259835.1	no	6995	0	0	Toxoplasma gondii	TgCATBr5	ToxoDB
Toxoplasma gondii CAST	GenBank	GCA_000256705.2	no	0	2656	0	Toxoplasma gondii	CAST	ToxoDB
Toxoplasma gondii FOU	GenBank	GCA_000224905.2	no	0	2869	0	Toxoplasma gondii	FOU	ToxoDB
Vavraia culicis subsp. floridensis	GenBank	GCA_000192795.1	yes	0	379	0	Vavraia culicis	subsp. floridensis	MicrosporidiaDB
Leishmania donovani BPK282A1	GenBank	GCA_000227135.2	yes	0	0	36	Leishmania donovani	BPK282A1	TriTrypDB
Cordyceps militaris CM01	INSDC	GCA_000225605.1	no	0	32	0	Cordyceps militaris	CM01	FungiDB
Plenodomus lingam JN3	INSDC	GCA_000230375.1	yes	0	76	0	Plenodomus lingam	JN3	FungiDB
Encephalitozoon cuniculi EC1	GenBank	GCA_000221285.2	no	0	0	12	Encephalitozoon cuniculi	EC1	MicrosporidiaDB
Encephalitozoon cuniculi EC2	GenBank	GCA_000221265.2	no	0	0	16	Encephalitozoon cuniculi	EC2	MicrosporidiaDB
Encephalitozoon cuniculi EC3	GenBank	GCA_000221245.2	no	0	0	15	Encephalitozoon cuniculi	EC3	MicrosporidiaDB
Vittaforma corneae ATCC 50505	GenBank	GCA_000231115.1	yes	0	220	0	Vittaforma corneae	ATCC 50505	MicrosporidiaDB
Sporisorium reilianum SRZ2	GenBank	GCA_000230245.1	yes	21	0	23	Sporisorium reilianum	SRZ2	FungiDB
Aedes aegypti Aag2	INSDC	GCA_021653915.1	no	0	3752	0	Aedes aegypti	Aag2	VectorBase
Aedes aegypti LVP_AGWG	INSDC	GCA_002204515.1	yes	0	2306	3	Aedes aegypti	LVP_AGWG	VectorBase
Aedes albopictus C6/36 cell line	INSDC	GCF_001876365.2	no	0	2434	0	Aedes albopictus	C6/36 cell line	VectorBase
Aedes albopictus Foshan FPA	INSDC	GCA_006496715.1	yes	0	2196	0	Aedes albopictus	Foshan FPA	VectorBase
Aedes albopictus Foshan	INSDC	GCA_001444175.1	no	0	154782	0	Aedes albopictus	Foshan	VectorBase
Anopheles albimanus STECLA	INSDC	GCA_000349125.2	no	0	196	5	Anopheles albimanus	STECLA	VectorBase
Anopheles albimanus STECLA 2020	INSDC	GCF_013758885.1	yes	0	4	3	Anopheles albimanus	STECLA 2020	VectorBase
Alternaria alternata SRC1lrK2f	INSDC	GCA_001642055.1	yes	0	79	0	Alternaria alternata	SRC1lrK2f	FungiDB
Anopheles aquasalis AaquGF1	INSDC	GCF_943734665.1	yes	0	86	4	Anopheles aquasalis	AaquGF1	VectorBase
Anopheles arabiensis DONGOLA 2021	INSDC	GCF_016920715.1	yes	0	98	3	Anopheles arabiensis	DONGOLA 2021	VectorBase
Anopheles arabiensis Dongola	INSDC	GCA_000349185.1	no	0	1214	0	Anopheles arabiensis	Dongola	VectorBase
Aphanomyces astaci strain APO3	GenBank	GCA_000520075.1	yes	0	835	0	Aphanomyces astaci	strain APO3	FungiDB
Acanthamoeba astronyxis Unknown	GenBank	GCA_000826245.1	yes	0	98248	0	Acanthamoeba astronyxis	Unknown	AmoebaDB
Anopheles atroparvus EBRO	INSDC	GCA_000473505.1	yes	0	1315	5	Anopheles atroparvus	EBRO	VectorBase
Anopheles bellator AbelBR1	INSDC	GCF_943735745.2	yes	0	2982	3	Anopheles bellator	AbelBR1	VectorBase
Acanthamoeba castellanii C3	INSDC	GCA_021020595.1	no	0	174	0	Acanthamoeba castellanii	C3	AmoebaDB
Acanthamoeba castellanii Ma	GenBank	GCA_000826485.1	no	0	221748	0	Acanthamoeba castellanii	Ma	AmoebaDB
Acanthamoeba castellanii str. Neff 2021	INSDC	GCA_021020605.1	no	0	111	0	Acanthamoeba castellanii	str. Neff 2021	AmoebaDB
Anopheles christyi ACHKN1017	INSDC	GCA_000349165.1	yes	0	30369	0	Anopheles christyi	ACHKN1017	VectorBase
Anopheles coluzzii AcolN3	INSDC	GCF_943734685.1	yes	0	125	3	Anopheles coluzzii	AcolN3	VectorBase
Anopheles coluzzii MOPTI	INSDC	GCF_016920705.1	no	0	196	3	Anopheles coluzzii	MOPTI	VectorBase
Anopheles coluzzii Mali-NIH	INSDC	GCA_000150765.1	no	0	10521	0	Anopheles coluzzii	Mali-NIH	VectorBase
Anopheles coluzzii Ngousso	INSDC	GCA_004136515.2	no	0	205	0	Anopheles coluzzii	Ngousso	VectorBase
Anopheles coustani AcouGA1	INSDC	GCF_943734705.1	yes	0	416	3	Anopheles coustani	AcouGA1	VectorBase
Aspergillus cristatus GZAAS20.1005	INSDC	GCA_001717485.1	yes	0	68	0	Aspergillus cristatus	GZAAS20.1005	FungiDB
Anopheles cruzii AcruBR1	INSDC	GCF_943734635.1	yes	0	5085	3	Anopheles cruzii	AcruBR1	VectorBase
Acanthamoeba sp Galka	GenBank	GCA_000826505.1	yes	0	224137	0	Acanthamoeba sp.	Galka	AmoebaDB
Acanthamoeba sp Incertae sedis	GenBank	GCA_000826365.1	no	0	24098	0	Acanthamoeba sp.	Incertae_sedis	AmoebaDB
Acanthamoeba sp T4b-type	GenBank	GCA_000826345.1	no	0	224482	0	Acanthamoeba sp.	T4B-type	AmoebaDB
Anopheles culicifacies A-37	INSDC	GCA_000473375.1	yes	0	16162	0	Anopheles culicifacies	A-37	VectorBase
Acanthamoeba culbertsoni A1	GenBank	GCA_000826265.1	yes	0	72411	0	Acanthamoeba culbertsoni	A1	AmoebaDB
Anopheles darlingi AdarGF1	INSDC	GCF_943734745.1	yes	0	62	3	Anopheles darlingi	AdarGF1	VectorBase
Anopheles darlingi Coari	INSDC	GCA_000211455.3	no	0	2220	0	Anopheles darlingi	Coari	VectorBase
Angomonas deanei strain Cavalho ATCC PRA-265	INSDC	GCA_903995115.1	yes	0	0	29	Angomonas deanei	strain Cavalho ATCC PRA-265	TriTrypDB
Anopheles dirus WRAIR2	INSDC	GCA_000349145.1	yes	0	1266	0	Anopheles dirus	WRAIR2	VectorBase
Anopheles epiroticus Epiroticus2	INSDC	GCA_000349105.1	yes	0	2673	0	Anopheles epiroticus	Epiroticus2	VectorBase
Aphanomyces euteiches MF1	INSDC	GCA_021527665.1	yes	0	7789	0	Aphanomyces euteiches	MF1	FungiDB
Anopheles farauti FAR1	INSDC	GCA_000473445.2	yes	0	310	0	Anopheles farauti	FAR1	VectorBase
Arthrobotrys flagrans CBS H-5679	INSDC	GCA_004000055.1	yes	0	14	0	Arthrobotrys flagrans	CBS H-5679	FungiDB
Aspergillus flavus NRRL3357 2020	INSDC	GCA_009017415.1	no	0	0	8	Aspergillus flavus	NRRL3357 2020	FungiDB
Anopheles funestus AfunGA1	INSDC	GCF_943734845.2	yes	0	326	3	Anopheles funestus	AfunGA1	VectorBase
Anopheles funestus FUMOZ	INSDC	GCA_003951495.1	no	0	0	3	Anopheles funestus	FUMOZ	VectorBase
Anopheles gambiae Ifakara	INSDC	GCF_943734735.2	no	0	187	3	Anopheles gambiae	Ifakara	VectorBase
Anopheles gambiae Pimperena	INSDC	GCA_000150785.1	no	0	13042	0	Anopheles gambiae	Pimperena	VectorBase
Aphanomyces invadans NJM9701	GenBank	GCA_000520115.1	yes	0	481	0	Aphanomyces invadans	NJM9701	FungiDB
Aspergillus lentulus strain IFM 54703	INSDC	GCA_001445615.2	yes	0	12	0	Aspergillus lentulus	strain IFM 54703	FungiDB
Acanthamoeba lenticulata PD2S	GenBank	GCA_000826285.1	yes	0	79048	0	Acanthamoeba lenticulata	PD2S	AmoebaDB
Antonospora locustae CLX	INSDC	GCA_007674295.1	yes	0	1	17	Antonospora locustae	CLX	MicrosporidiaDB
Acanthamoeba lugdunensis L3a	GenBank	GCA_000826425.1	yes	0	67459	0	Acanthamoeba lugdunensis	L3a	AmoebaDB
Anopheles maculipalpis AmacGA1	INSDC	GCF_943734695.1	yes	0	167	3	Anopheles maculipalpis	AmacGA1	VectorBase
Amblyomma maculatum SK-2019	INSDC	GCA_023969395.1	yes	0	125877	0	Amblyomma maculatum	SK-2019	VectorBase
Anopheles maculatus maculatus3	INSDC	GCA_000473185.1	yes	0	47797	0	Anopheles maculatus	maculatus3	VectorBase
Anopheles marshallii AmarGA1	INSDC	GCF_943734725.1	yes	0	285	3	Anopheles marshallii	AmarGA1	VectorBase
Acanthamoeba mauritaniensis 1652	GenBank	GCA_000826465.1	yes	0	67233	0	Acanthamoeba mauritaniensis	1652	AmoebaDB
Anopheles melas CM1001059_A	INSDC	GCA_000473525.2	yes	0	20229	0	Anopheles melas	CM1001059_A	VectorBase
Anopheles merus MAF	INSDC	GCA_000473845.2	no	0	2027	0	Anopheles merus	MAF	VectorBase
Anopheles merus MAF 2021	INSDC	GCF_017562075.2	yes	0	1322	5	Anopheles merus	MAF 2021	VectorBase
Anopheles minimus MINIMUS1	INSDC	GCA_000349025.1	yes	0	678	0	Anopheles minimus	MINIMUS1	VectorBase
Apiotrichum montevideense JCM 9937	INSDC	GCA_001598995.1	yes	0	61	0	Apiotrichum montevideense	JCM 9937	FungiDB
Anopheles moucheti AmouCM1	INSDC	GCF_943734755.1	yes	0	342	3	Anopheles moucheti	AmouCM1	VectorBase
Amauroascus mutatus isolate UAMH 3576	GenBank	GCA_001430935.1	yes	3075	0	0	Amauroascus mutatus	isolate UAMH 3576	FungiDB
Aspergillus niger strain LDM3	INSDC	GCA_009812365.1	no	0	14	0	Aspergillus niger	strain LDM3	FungiDB
Aspergillus niger strain N402 (ATCC64974)	GenBank	GCA_900248155.1	no	19	0	0	Aspergillus niger	strain N402 (ATCC64974)	FungiDB
Amauroascus niger isolate UAMH 3544	GenBank	GCA_001430945.1	yes	3481	0	0	Amauroascus niger	isolate UAMH 3544	FungiDB
Anopheles nili AnilCM1	INSDC	GCF_943737925.1	yes	0	153	3	Anopheles nili	AnilCM1	VectorBase
Acanthamoeba palestinensis Reich	GenBank	GCA_000826305.1	yes	0	26188	0	Acanthamoeba palestinensis	Reich	AmoebaDB
Aspergillus parasiticus CBS 117618	INSDC	GCA_009176385.1	yes	0	270	0	Aspergillus parasiticus	CBS 117618	FungiDB
Anopheles quadriannulatus SANGWE	INSDC	GCA_000349065.1	yes	0	2823	0	Anopheles quadriannulatus	SANGWE	VectorBase
Acanthamoeba quina Vil3	GenBank	GCA_000826445.1	yes	0	60490	0	Acanthamoeba quina	Vil3	AmoebaDB
Acanthamoeba rhysodes Singh	GenBank	GCA_000826385.1	yes	0	62836	0	Acanthamoeba rhysodes	Singh	AmoebaDB
Anopheles sinensis China	INSDC	GCA_000441895.2	yes	0	9592	0	Anopheles sinensis	China	VectorBase
Anopheles sinensis SINENSIS	INSDC	GCA_000472065.2	no	0	10448	0	Anopheles sinensis	SINENSIS	VectorBase
Anopheles stephensi Indian	INSDC	GCA_000300775.2	no	0	23371	0	Anopheles stephensi	Indian	VectorBase
Anopheles stephensi SDA-500	INSDC	GCA_000349045.1	no	0	1110	0	Anopheles stephensi	SDA-500	VectorBase
Anopheles stephensi UCISS2018	INSDC	GCF_013141755.1	yes	0	491	3	Anopheles stephensi	UCISS2018	VectorBase
Aspergillus tanneri NIH1004	INSDC	GCA_004798825.1	yes	0	1715	0	Aspergillus tanneri	NIH1004	FungiDB
Aspergillus thermomutatus strain HMR AF 39	INSDC	GCA_002237265.2	yes	0	647	0	Aspergillus thermomutatus	strain HMR AF 39	FungiDB
Acanthamoeba triangularis SH621	GenBank	GCA_000826325.1	yes	0	56742	0	Acanthamoeba triangularis	SH621	AmoebaDB
Apophysomyces variabilis NCCPF 102052	INSDC	GCA_002749535.1	yes	0	411	0	Apophysomyces variabilis	NCCPF 102052	FungiDB
Anopheles ziemanni AzieGA1	INSDC	GCF_943734765.1	yes	0	416	3	Anopheles ziemanni	AzieGA1	VectorBase
Blechomonas ayalai B08-376	GenBank	GCA_020509355.1	yes	0	545	0	Blechomonas ayalai	B08-376	TriTrypDB
Beauveria bassiana HN6	INSDC	GCA_014607475.1	yes	0	0	12	Beauveria bassiana	HN6	FungiDB
Besnoitia besnoiti strain Bb-Ger1	GenBank	GCA_002563875.1	yes	172	0	13	Besnoitia besnoiti	strain Bb-Ger1	ToxoDB
Babesia bigemina strain BOND	GenBank	GCA_000723445.1	yes	0	478	5	Babesia bigemina	strain BOND	PiroplasmaDB
Babesia caballi USDA-D6B2	INSDC	GCA_024862765.1	yes	0	7	0	Babesia caballi	USDA-D6B2	PiroplasmaDB
Byssoonygena ceratinophila isolate UAMH 5669	GenBank	GCA_001430925.1	yes	4851	0	0	Byssoonygena ceratinophila	isolate UAMH 5669	FungiDB
Babesia divergens strain 1802A	GenBank	GCA_018398725.1	yes	0	79	0	Babesia divergens	strain 1802A	PiroplasmaDB
Babesia divergens strain Rouen 1987	GenBank	GCA_001077455.2	no	0	141	0	Babesia divergens	strain Rouen 1987	PiroplasmaDB
Babesia duncani strain WA1	INSDC	GCA_024586265.1	no	0	7	0	Babesia duncani	strain WA1	PiroplasmaDB
Babesia duncani strain WA1 2023	INSDC	GCA_028658345.1	yes	0	160	5	Babesia duncani	strain WA1 2023	PiroplasmaDB
Biomphalaria glabrata BB02	INSDC	GCA_000457365.1	no	0	331400	0	Biomphalaria glabrata	BB02	VectorBase
Biomphalaria glabrata XG47	INSDC	GCF_947242115.1	yes	0	25	18	Biomphalaria glabrata	XG47	VectorBase
Blumeria graminis f. sp. triticale THUN-12	INSDC	GCA_905067625.1	no	0	25	11	Blumeria graminis	f. sp. triticale THUN-12	FungiDB
Blumeria hordei strain RACE1	INSDC	GCA_900237765.1	yes	0	99	0	Blumeria hordei	strain RACE1	FungiDB
Bremia lactucae strain SF5	INSDC	GCA_004359215.2	yes	0	201	19	Bremia lactucae	strain SF5	FungiDB
Balamuthia mandrillaris strain 2046	INSDC	GCA_001262475.1	no	0	14699	0	Balamuthia mandrillaris	strain 2046	AmoebaDB
Balamuthia mandrillaris CDC-V039	INSDC	GCA_001185145.1	yes	0	1604	0	Balamuthia mandrillaris	CDC-V039	AmoebaDB
Babesia microti strain ATCC 30222	INSDC	GCA_001650055.1	no	234	0	0	Babesia microti	strain ATCC 30222	PiroplasmaDB
Babesia microti strain ATCC PRA-99	GenBank	GCA_001650065.1	no	82	0	0	Babesia microti	strain ATCC PRA-99	PiroplasmaDB
Babesia microti strain GI	INSDC	GCA_001650105.1	no	140	0	0	Babesia microti	strain GI	PiroplasmaDB
Babesia microti strain GreenwichYale_Lab_strain_1	INSDC	GCA_001650075.1	no	250	0	0	Babesia microti	strain GreenwichYale_Lab_strain_1	PiroplasmaDB
Babesia microti Nan_Hs_2011_N11-50	INSDC	GCA_001650145.1	no	131	0	0	Babesia microti	Nan_Hs_2011_N11-50	PiroplasmaDB
Babesia microti strain Naushon	INSDC	GCA_001650135.1	no	131	0	0	Babesia microti	strain Naushon	PiroplasmaDB
Blastocrithidia nonstop P57	INSDC	GCA_028554745.1	yes	0	77	0	Blastocrithidia nonstop	P57	TriTrypDB
Babesia ovata strain Miyake	GenBank	GCA_002897235.1	yes	91	0	0	Babesia ovata	strain Miyake	PiroplasmaDB
Babesia ovis Selcuk	INSDC	GCA_023705535.1	yes	0	78	0	Babesia ovis	Selcuk	PiroplasmaDB
Blastomyces percursus strain EI222	INSDC	GCA_001883805.1	yes	0	3868	0	Blastomyces percursus	strain EI222	FungiDB
Batrachochytrium salamandrivorans BS	INSDC	GCA_002006685.1	yes	0	5358	0	Batrachochytrium salamandrivorans	BS	FungiDB
Bodo saltans strain Lake Konstanz	GenBank	GCA_001460835.1	yes	0	2256	0	Bodo saltans	strain Lake Konstanz	TriTrypDB
Babesia sp. Xinjiang Xinjiang	GenBank	GCA_002095265.1	yes	0	215	0	Babesia sp. Xinjiang	Xinjiang	PiroplasmaDB
Bos taurus breed Hereford	Ensembl	GCA_002263795.2	yes	0	2180	30	Bos taurus	breed Hereford	HostDB
Candida albicans SC5314_B	CGD	A22-s07-m01-r59	no	0	0	8	Candida albicans	SC5314_B	FungiDB
Cryptosporidium andersoni isolate 30847	GenBank	GCA_001865355.1	yes	135	0	0	Cryptosporidium andersoni	isolate 30847	CryptoDB
Candida auris strain 6684	INSDC	GCA_001189475.1	no	0	99	0	[Candida] auris	6684	FungiDB
Candida auris strain B11220	INSDC	GCA_003013715.2	no	0	0	7	[Candida] auris	B11220	FungiDB
Candida auris strain B11221	INSDC	GCA_002775015.1	no	0	20	0	[Candida] auris	B11221	FungiDB
Candida auris strain B11243	INSDC	GCA_003014415.1	no	0	238	0	[Candida] auris	B11243	FungiDB
Candida auris strain B11245	INSDC	GCA_008275145.1	no	0	0	7	[Candida] auris	B11245	FungiDB
Candida auris strain B8441	GenBank	GCA_002759435.2	yes	0	15	0	[Candida] auris	B8441	FungiDB
Cryptosporidium baileyi TAMU-09Q1	GenBank	GCA_001593455.1	yes	153	0	0	Cryptosporidium baileyi	TAMU-09Q1	CryptoDB
Cryptosporidium bovis isolate 45015	INSDC	GCA_009768925.2	yes	0	55	0	Cryptosporidium bovis	isolate 45015	CryptoDB
Cladophialophora carrionii KSF	GenBank	GCA_001700775.1	yes	22	0	0	Cladophialophora carrionii	KSF	FungiDB
Cyclospora cayetanensis strain CHN_HEN01	GenBank	GCA_000769155.2	yes	2297	0	0	Cyclospora cayetanensis	strain CHN_HEN01	ToxoDB
Cyclospora cayetanensis isolate NF1_C8	GenBank	GCF_002999335.1	no	738	0	0	Cyclospora cayetanensis	isolate NF1_C8	ToxoDB
Cryptococcus cf. gattii MF34	INSDC	GCA_009650685.1	yes	0	2	13	Cryptococcus cf. gattii	MF34	FungiDB
Coprinopsis cinerea #326	INSDC	GCA_016772295.1	no	0	31	0	Coprinopsis cinerea	#326	FungiDB
Curvularia clavata yc1106	INSDC	GCA_023920165.1	yes	0	0	8	Curvularia clavata	yc1106	FungiDB
Cucumispora dikerogammari Dv6	INSDC	GCA_014805705.1	yes	0	7783	0	Cucumispora dikerogammari	Dv6	MicrosporidiaDB
Candida duobushaemulonis strain B09383	GenBank	GCA_002926085.1	yes	7	0	0	[Candida] duobushaemulonis	B09383	FungiDB
Cyberlindnera fabianii 65	INSDC	GCA_001983305.1	yes	0	25	0	Cyberlindnera fabianii	65	FungiDB
Crithidia fasciculata strain Cf-Cl	GenBank	GCA_000331325.2	yes	0	427	30	Crithidia fasciculata	strain Cf-Cl	TriTrypDB
Cytauxzoon felis strain Winnie	INSDC	GCA_020283715.1	yes	0	358	0	Cytauxzoon felis	strain Winnie	PiroplasmaDB
Candida haemulonis B11899	GenBank	GCA_002926055.1	yes	11	0	0	[Candida] haemuloni	B11899	FungiDB
Cryptosporidium hominis isolate 30976	GenBank	GCA_001483515.1	no	53	0	0	Cryptosporidium hominis	isolate 30976	CryptoDB
Cryptosporidium hominis 37999	GenBank	GCA_000804495.1	no	78	0	0	Cryptosporidium hominis	37999	CryptoDB
Cryptosporidium hominis isolate TU502_2012	GenBank	GCA_001593465.1	no	119	0	0	Cryptosporidium hominis	isolate TU502_2012	CryptoDB
Cryptosporidium hominis UKH1	GenBank	GCA_001593475.1	no	156	0	0	Cryptosporidium hominis	UKH1	CryptoDB
Cryptosporidium hominis UdeA01	GenBank	GCA_002223825.1	no	0	0	8	Cryptosporidium hominis	UdeA01	CryptoDB
Cladophialophora immunda strain CBS 83496	GenBank	GCA_000835495.1	yes	0	277	0	Cladophialophora immunda	strain CBS 83496	FungiDB
Coccidioides immitis WA_211	INSDC	GCA_004115165.2	no	0	62	0	Coccidioides immitis	WA_211	FungiDB
Cimex lectularius Harlan	INSDC	GCA_000648675.3	yes	1156	417	0	Cimex lectularius	Harlan	VectorBase
Canis lupus familiaris isolate SID07034	INSDC	GCA_014441545.1	yes	0	336	40	Canis lupus	familiaris isolate SID07034	HostDB
Cryptosporidium meleagridis strain UKMEL1	GenBank	GCA_001593445.1	yes	57	0	0	Cryptosporidium meleagridis	strain UKMEL1	CryptoDB
Candida metapsilosis BP57	INSDC	GCA_017655625.1	yes	0	9	0	Candida metapsilosis	BP57	FungiDB
Cordyceps militaris ATCC 34164	INSDC	GCA_008080495.1	yes	0	0	7	Cordyceps militaris	ATCC 34164	FungiDB
Cryptococcus neoformans var. grubii H99 2018	INSDC	GCA_003011985.1	no	0	14	0	Cryptococcus neoformans	var. grubii H99 2018	FungiDB
Cryptococcus neoformans var. grubii KN99	GenBank	GCA_002216725.1	no	0	0	14	Cryptococcus neoformans	var. grubii KN99	FungiDB
Cryptococcus neoformans strain:VNII	INSDC	GCA_022832995.1	no	0	0	14	Cryptococcus neoformans	strain:VNII	FungiDB
Cryptosporidium parvum 2022	INSDC	GCA_019844115.2	no	0	0	8	Cryptosporidium parvum	2022	CryptoDB
Cryptosporidium parvum IOWA-ATCC	GenBank	GCA_015245375.1	no	0	0	8	Cryptosporidium parvum	IOWA-ATCC	CryptoDB
Cavia porcellus 2N	INSDC	GCA_000151735.1	yes	0	3143	0	Cavia porcellus	2N	HostDB
Coccidioides posadasii strain Silveira 2022	INSDC	GCA_018416015.2	no	0	0	8	Coccidioides posadasii	strain Silveira 2022	FungiDB
Candida pseudohaemulonii strain B12108	INSDC	GCA_003013735.1	yes	0	36	0	[Candida] pseudohaemulonis	B12108	FungiDB
Chrysosporium queenslandicum isolate CBS 280.77	GenBank	GCA_001430955.1	yes	2724	0	0	Chrysosporium queenslandicum	isolate CBS 280.77	FungiDB
Culex quinquefasciatus JHB 2020	INSDC	GCA_015732765.1	yes	53	0	3	Culex quinquefasciatus	JHB 2020	VectorBase
Culex quinquefasciatus Johannesburg	INSDC	GCA_000209185.1	no	0	3171	0	Culex quinquefasciatus	Johannesburg	VectorBase
Cryptosporidium ryanae 45019	INSDC	GCA_009792415.2	yes	0	93	0	Cryptosporidium ryanae	45019	CryptoDB
Culicoides sonorensis PIR-s-3	INSDC	GCA_900258525.1	yes	0	7974	0	Culicoides sonorensis	PIR-s-3	VectorBase
Cryptosporidium sp. chipmunk genotype I strain 37763	INSDC	GCA_004936735.2	yes	0	50	0	Cryptosporidium sp. chipmunk genotype I	strain 37763	CryptoDB
Cystoisospora suis strain Wien I	GenBank	GCA_002600585.1	yes	14627	0	0	Cystoisospora suis	strain Wien I	ToxoDB
Candida tropicalis MYA-3404 2020	INSDC	GCA_013177555.1	no	0	0	7	Candida tropicalis	MYA-3404 2020	FungiDB
Cryptosporidium tyzzeri isolate UGA55	GenBank	GCA_007210665.1	yes	3	0	8	Cryptosporidium tyzzeri	isolate UGA55	CryptoDB
Cryptosporidium ubiquitum isolate 39726	GenBank	GCA_001865345.1	yes	39	0	0	Cryptosporidium ubiquitum	isolate 39726	CryptoDB
Dermacentor andersoni qqDerAnde1.1	INSDC	GCA_023375915.1	no	0	8198	0	Dermacentor andersoni	qqDerAnde1.1	VectorBase
Dermacentor andersoni qqDerAnde1.2	INSDC	GCF_023375885.1	yes	0	3118	0	Dermacentor andersoni	qqDerAnde1.2	VectorBase
Debaryomyces fabryi CBS 789	INSDC	GCA_001447935.2	yes	0	534	0	Debaryomyces fabryi	CBS 789	FungiDB
Drosophila melanogaster iso-1	INSDC	GCA_000001215.4	yes	0	1862	7	Drosophila melanogaster	iso-1	VectorBase
Dictyocoela muelleri Ou54	INSDC	GCA_016256075.1	yes	0	11522	0	Dictyocoela muelleri	Ou54	MicrosporidiaDB
Dictyostelium purpureum QSDP1	INSDC	GCF_000190715.1	yes	0	799	0	Dictyostelium purpureum	QSDP1	AmoebaDB
Dictyocoela roeselum Ou19	INSDC	GCA_016255985.1	yes	0	1033	0	Dictyocoela roeselum	Ou19	MicrosporidiaDB
Diutina rugosa CBS 613	INSDC	GCA_008704595.1	yes	0	169	0	Diutina rugosa	CBS 613	FungiDB
Dermacentor silvarum Dsil-2018	INSDC	GCA_013339745.2	yes	0	1653	11	Dermacentor silvarum	Dsil-2018	VectorBase
Eimeria acervulina Houghton	GenBank	GCA_000499425.1	yes	0	3415	0	Eimeria acervulina	Houghton	ToxoDB
Emergomyces africanus CBS 136260	INSDC	GCA_001660665.1	yes	0	4444	0	Emergomyces africanus	CBS 136260	FungiDB
Eimeria brunetti Houghton	GenBank	GCA_000499725.1	yes	0	8575	0	Eimeria brunetti	Houghton	ToxoDB
Enterospora canceri strain GB1	GenBank	GCA_002087915.1	yes	537	0	0	Enterospora canceri	strain GB1	MicrosporidiaDB
Eimeria falciformis Bayer Haberkorn 1970	GenBank	GCA_002271815.1	yes	751	0	0	Eimeria falciformis	Bayer Haberkorn 1970	ToxoDB
Encephalitozoon hellem Swiss	GenBank	GCA_018342045.1	no	0	32	0	Encephalitozoon hellem	Swiss	MicrosporidiaDB
Enterocytozoon hepatopenaei EHP-ID16	INSDC	GCA_003709115.1	no	0	162	0	Enterocytozoon hepatopenaei	EHP-ID16	MicrosporidiaDB
Enterocytozoon hepatopenaei strain TH1	GenBank	GCA_002081675.1	yes	62	0	0	Enterocytozoon hepatopenaei	strain TH1	MicrosporidiaDB
Entamoeba histolytica Rahman	INSDC	GCA_917563895.1	no	0	18523	0	Entamoeba histolytica	Rahman	AmoebaDB
Eimeria maxima Weybridge	GenBank	GCA_000499605.1	yes	0	3564	0	Eimeria maxima	Weybridge	ToxoDB
Exophiala mesophila strain CBS 40295	GenBank	GCA_000836275.1	yes	0	9	0	Exophiala mesophila	strain CBS 40295	FungiDB
Eimeria mitis Houghton	GenBank	GCA_000499745.2	yes	0	15978	0	Eimeria mitis	Houghton	ToxoDB
Endotrypanum monterogeii strain LV88	GenBank	GCA_000333855.2	yes	0	1925	36	Endotrypanum monterogeii	strain LV88	TriTrypDB
Entamoeba moshkovskii Laredo	GenBank	GCA_002914575.1	yes	3460	1147	0	Entamoeba moshkovskii	Laredo	AmoebaDB
Eimeria necatrix Houghton	GenBank	GCA_000499385.1	yes	0	3707	0	Eimeria necatrix	Houghton	ToxoDB
Exophiala oligosperma strain CBS 72588	GenBank	GCA_000835515.1	yes	0	143	0	Exophiala oligosperma	strain CBS 72588	FungiDB
Emergomyces orientalis 5z489	INSDC	GCA_002110485.1	yes	0	108	0	Emergomyces orientalis	5z489	FungiDB
Eimeria praecox Houghton	GenBank	GCA_000499445.1	yes	0	21348	0	Eimeria praecox	Houghton	ToxoDB
Exophiala spinifera CBS 89968	INSDC	GCA_000836115.1	yes	0	28	0	Exophiala spinifera	CBS 89968	FungiDB
Eimeria tenella Houghton 2021	INSDC	GCA_905310635.1	yes	0	0	15	Eimeria tenella	Houghton 2021	ToxoDB
Fusarium circinatum NRRL 25331	INSDC	GCA_013396185.1	yes	0	1222	0	Fusarium circinatum	NRRL 25331	FungiDB
Fusarium graminearum DAOM 233423	INSDC	GCA_000966635.1	no	0	869	0	Fusarium graminearum	DAOM 233423	FungiDB
Fusarium mangiferae MRC7560	INSDC	GCA_900044065.1	yes	0	254	0	Fusarium mangiferae	MRC7560	FungiDB
Fusarium odoratissimum strain race 4	GenBank	GCA_000350365.1	yes	0	840	0	Fusarium odoratissimum	strain race 4	FungiDB
Fusarium proliferatum strain NRRL62905	GenBank	GCA_900029915.1	no	155	0	0	Fusarium proliferatum	strain NRRL62905	FungiDB
Fusarium solani FSSC 5 MPI-SDFR-AT-0091	INSDC	GCF_020744495.1	yes	0	74	0	Fusarium solani	FSSC 5 MPI-SDFR-AT-0091	FungiDB
Giardia Assemblage A2 isolate DH	GenBank	GCA_000498715.1	no	239	0	0	Giardia Assemblage A	2 isolate DH	GiardiaDB
Giardia assemblage A isolate AS175	GenBank	GCA_001493575.1	no	1139	0	0	Giardia Assemblage A	AS175	GiardiaDB
Giardia Assemblage A isolate CIA	INSDC	GCA_022985015.1	no	0	93	0	Giardia Assemblage A	isolate CIA	GiardiaDB
Giardia Assemblage A isolate WB 2019	INSDC	GCA_000002435.2	yes	0	30	5	Giardia Assemblage A	isolate WB 2019	GiardiaDB
Giardia Assemblage A isolate WB Calgary	INSDC	GCA_011634545.1	no	0	37	0	Giardia Assemblage A	isolate WB Calgary	GiardiaDB
Giardia Assemblage B isolate BAH15c1	GenBank	GCA_001543975.1	no	0	508	0	Giardia Assemblage B	isolate BAH15c1	GiardiaDB
Giardia Assemblage B isolate GS Calgary	INSDC	GCA_011634595.1	no	0	19	0	Giardia Assemblage B	isolate GS Calgary	GiardiaDB
Giardia Assemblage B isolate GS_B	GenBank	GCA_000498735.1	no	543	0	0	Giardia Assemblage B	isolate GS_B	GiardiaDB
Giardia Assemblage D isolate DID	INSDC	GCA_022985025.1	no	0	260	0	Giardia Assemblage D	isolate DID	GiardiaDB
Glossina austeni TTRI	INSDC	GCA_000688735.1	yes	0	2205	0	Glossina austeni	TTRI	VectorBase
Glossina brevipalpis IAEA	INSDC	GCA_000671755.1	yes	0	1651	0	Glossina brevipalpis	IAEA	VectorBase
Glossina fuscipes IAEA	INSDC	GCA_000671735.1	no	0	2395	0	Glossina fuscipes	IAEA	VectorBase
Glossina fuscipes IAEA 2018	INSDC	GCA_014805625.1	yes	0	7986	0	Glossina fuscipes	IAEA 2018	VectorBase
Gallus gallus isolate bGalGal1	INSDC	GCF_016699485.2	yes	0	172	41	Gallus gallus	isolate bGalGal1	HostDB
Giardia intestinalis Beaver	INSDC	GCA_011634555.1	no	0	8	0	Giardia Assemblage A	Beaver	GiardiaDB
Glossina morsitans Yale	INSDC	GCA_001077435.1	yes	0	13807	0	Glossina morsitans	Yale	VectorBase
Giardia muris strain Roberts-Thomson	GenBank	GCA_006247105.1	yes	54	0	5	Giardia muris	strain Roberts-Thomson	GiardiaDB
Gregarina niphandrodes Unknown strain	GenBank	GCA_000223845.4	yes	0	469	0	Gregarina niphandrodes	Unknown strain	CryptoDB
Glossina pallidipes IAEA	INSDC	GCA_000688715.1	yes	0	1726	0	Glossina pallidipes	IAEA	VectorBase
Glossina palpalis IAEA	INSDC	GCA_000818775.1	yes	0	3926	0	Glossina palpalis	IAEA	VectorBase
Hyalomma asiaticum Hyas-2018	INSDC	GCA_013339685.2	yes	0	6308	11	Hyalomma asiaticum	Hyas-2018	VectorBase
Histoplasma capsulatum G184AR	INSDC	GCA_017607465.1	no	0	11	0	Histoplasma capsulatum	G184AR	FungiDB
Histoplasma capsulatum WU24	INSDC	GCA_017310585.1	no	0	0	7	Histoplasma capsulatum	WU24	FungiDB
Hepatospora eriocheir strain GB1	GenBank	GCA_002087885.1	yes	1300	0	0	Hepatospora eriocheir	strain GB1	MicrosporidiaDB
Hepatospora eriocheir strain canceri	GenBank	GCA_002087875.1	no	2344	0	0	Hepatospora eriocheir	strain canceri	MicrosporidiaDB
Hanseniaspora guilliermondii strain UTAD222	INSDC	GCA_900119595.1	yes	0	208	0	Hanseniaspora guilliermondii	strain UTAD222	FungiDB
Hammondia hammondi strain H.H.34	GenBank	GCA_000258005.2	yes	0	14860	0	Hammondia hammondi	strain H.H.34	ToxoDB
Haemaphysalis longicornis HaeL-2018	INSDC	GCA_013339765.2	yes	0	3874	11	Haemaphysalis longicornis	HaeL-2018	VectorBase
Hamiltosporidium magnivora BE-OM-2	INSDC	GCA_004325065.1	yes	0	3550	0	Hamiltosporidium magnivora	BE-OM-2	MicrosporidiaDB
Hamiltosporidium magnivora IL-BN-2	INSDC	GCA_004325035.1	no	0	3833	0	Hamiltosporidium magnivora	IL-BN-2	MicrosporidiaDB
Histomonas meleagridis 2922-C6/04-10x	INSDC	GCA_020186115.1	yes	0	187	0	Histomonas meleagridis	2922-C6/04-10x	TrichDB
Histomonas meleagridis 2922-C6/04-290x	INSDC	GCA_020184695.1	no	0	281	0	Histomonas meleagridis	2922-C6/04-290x	TrichDB
Hepatocystis sp. ex Piliocolobus tephrosceles 2019	INSDC	GCA_902459845.2	yes	0	2439	0	Hepatocystis sp. ex Piliocolobus tephrosceles	2019	PlasmoDB
Homo sapiens REF	Ensembl	GCA_000001405.28	yes	0	169	24	Homo sapiens	REF	HostDB
Haemoproteus tartakovskyi strain SISKIN1	INSDC	GCA_001625125.1	yes	0	2982	0	Haemoproteus tartakovskyi	strain SISKIN1	PlasmoDB
Hamiltosporidium tvaerminnensis FI-OER-3-3	INSDC	GCA_004325045.1	yes	0	2915	0	Hamiltosporidium tvaerminnensis	FI-OER-3-3	MicrosporidiaDB
Hamiltosporidium tvaerminnensis IL-G-3	INSDC	GCA_004325075.1	no	0	2738	0	Hamiltosporidium tvaerminnensis	IL-G-3	MicrosporidiaDB
Hanseniaspora uvarum strain AWRI3580	INSDC	GCA_001747055.1	yes	0	18	0	Hanseniaspora uvarum	strain AWRI3580	FungiDB
Hemileia vastatrix Race XXXIII	INSDC	GCA_004125335.1	yes	0	116756	0	Hemileia vastatrix	Race XXXIII	FungiDB
Ixodes persulcatus Iper-2018	INSDC	GCA_013358835.2	yes	0	11596	0	Ixodes persulcatus	Iper-2018	VectorBase
Ixodes ricinus Charles River	INSDC	GCA_000973045.2	yes	0	204516	0	Ixodes ricinus	Charles River	VectorBase
Ixodes scapularis ISE6	INSDC	GCA_002892825.2	no	0	6476	0	Ixodes scapularis	ISE6	VectorBase
Ixodes scapularis PalLabHiFi	INSDC	GCF_016920785.2	yes	0	648	0	Ixodes scapularis	PalLabHiFi	VectorBase
Ixodes scapularis Wikel	INSDC	GCA_000208615.1	no	0	369492	0	Ixodes scapularis	Wikel	VectorBase
Leishmania amazonensis MHOM/BR/71973/M2269	GenBank	GCA_000438535.1	yes	0	2627	0	Leishmania amazonensis	MHOM/BR/71973/M2269	TriTrypDB
Leishmania amazonensis strain PH8	INSDC	GCA_025688915.1	no	0	42	34	Leishmania amazonensis	strain PH8	TriTrypDB
Leishmania arabica strain LEM1108	GenBank	GCA_000410695.2	yes	0	132	36	Leishmania arabica	strain LEM1108	TriTrypDB
Leishmania braziliensis MHOM/BR/75/M2904 2019	Sanger	Jul 30, 2019	no	15	0	35	Leishmania braziliensis	MHOM/BR/75/M2904 2019	TriTrypDB
Leptotrombidium deliense UoL-UT	INSDC	GCA_003675905.1	yes	0	66710	0	Leptotrombidium deliense	UoL-UT	VectorBase
Leishmania donovani strain BHU 1220	GenBank	GCA_000470725.1	no	0	0	36	Leishmania donovani	strain BHU 1220	TriTrypDB
Leishmania donovani CL-SL	GenBank	GCA_003719575.1	no	0	0	36	Leishmania donovani	CL-SL	TriTrypDB
Leishmania donovani HU3	INSDC	GCA_900635355.2	no	0	0	36	Leishmania donovani	HU3	TriTrypDB
Leishmania donovani strain LV9	Sanger	Feb 27, 2019	no	108	0	36	Leishmania donovani	strain LV9	TriTrypDB
Leishmania enriettii strain LEM3045	GenBank	GCA_000410755.2	yes	0	459	36	Leishmania enriettii	strain LEM3045	TriTrypDB
Leishmania enriettii MCAV/BR/2001/CUR178	INSDC	GCA_017916305.1	no	0	18	36	Leishmania enriettii	MCAV/BR/2001/CUR178	TriTrypDB
Leishmania gerbilli strain LEM452	GenBank	GCA_000443025.1	yes	0	106	36	Leishmania gerbilli	strain LEM452	TriTrypDB
Lutzomyia longipalpis Jacobina	INSDC	GCA_000265325.1	no	0	11532	0	Lutzomyia longipalpis	Jacobina	VectorBase
Lutzomyia longipalpis M1	INSDC	GCF_024334085.1	yes	0	0	4	Lutzomyia longipalpis	M1	VectorBase
Leishmania major Friedlin 2021	INSDC	GCA_916722125.1	no	0	0	36	Leishmania major	Friedlin 2021	TriTrypDB
Leishmania martiniquensis LEM2494	GenBank	GCA_000409445.2	yes	0	215	36	Leishmania martiniquensis	LEM2494	TriTrypDB
Leishmania martiniquensis MHOM/TH/2012/LSCM1	INSDC	GCA_017916325.1	no	0	6	36	Leishmania martiniquensis	MHOM/TH/2012/LSCM1	TriTrypDB
Leishmania orientalis MHOM/TH/2014/LSCM4	INSDC	GCA_017916335.1	yes	0	62	36	Leishmania orientalis	MHOM/TH/2014/LSCM4	TriTrypDB
Leishmania panamensis strain MHOM/PA/94/PSC-1	GenBank	GCA_000755165.1	no	0	0	35	Leishmania panamensis	strain MHOM/PA/94/PSC-1	TriTrypDB
Lomentospora prolificans JHH-5317	GenBank	GCA_002276285.1	yes	1624	0	0	Lomentospora prolificans	JHH-5317	FungiDB
Leptomonas pyrrhocoris H10	GenBank	GCA_001293395.1	yes	0	25	35	Leptomonas pyrrhocoris	H10	TriTrypDB
Lichtheimia ramosa KPH11	INSDC	GCA_008728235.1	yes	0	0	10	Lichtheimia ramosa	KPH11	FungiDB
Leptomonas seymouri ATCC 30220	GenBank	GCA_001299535.1	yes	1222	0	0	Leptomonas seymouri	ATCC 30220	TriTrypDB
Leishmania sp. Ghana MHOM/GH/2012/GH5	INSDC	GCA_017918215.1	yes	0	80	36	Leishmania sp. Ghana	MHOM/GH/2012/GH5	TriTrypDB
Leishmania sp. Namibia MPRO/NA/1975/252/LV425	INSDC	GCA_017918225.1	yes	0	31	36	Leishmania sp. Namibia	MPRO/NA/1975/252/LV425	TriTrypDB
Leishmania tarentolae Parrot-TarII	CorbeilLab	Jun 22, 2011	yes	1311	4	36	Leishmania tarentolae	Parrot-TarII	TriTrypDB
Leishmania tarentolae Parrot Tar II 2019	INSDC	GCA_009731335.1	no	0	179	0	Leishmania tarentolae	Parrot Tar II 2019	TriTrypDB
Leishmania turanica strain LEM423	GenBank	GCA_000441995.1	yes	0	183	36	Leishmania turanica	strain LEM423	TriTrypDB
Mitosporidium daphniae UGP3	GenBank	GCA_000760515.2	yes	0	610	0	Mitosporidium daphniae	UGP3	MicrosporidiaDB
Musca domestica aabys	INSDC	GCA_000371365.1	yes	0	20487	0	Musca domestica	aabys	VectorBase
Musca domestica aabys 2023	INSDC	GCF_030504385.1	no	0	339	0	Musca domestica	aabys 2023	VectorBase
Monocercomonoides exilis PA203	GenBank	GCA_001643675.2	yes	0	101	0	Monocercomonoides exilis	PA203	GiardiaDB
Macaca fascicularis REF	INSDC	GCF_000364345.1	yes	0	7579	21	Macaca fascicularis	REF	HostDB
Monilinia fructicola CPMC6	INSDC	GCA_016906325.1	yes	0	99	0	Monilinia fructicola	CPMC6	FungiDB
Macaca mulatta isolate AG07107	INSDC	GCA_003339765.3	yes	0	2916	22	Macaca mulatta	isolate AG07107	HostDB
Mus musculus C57BL6J	Ensembl	GCA_000001635.8	yes	0	44	21	Mus musculus	C57BL6J	HostDB
Madurella mycetomatis mm55	INSDC	GCA_001275765.2	yes	0	804	0	Madurella mycetomatis	mm55	FungiDB
Myotis myotis mMyoMyo1	INSDC	GCF_014108235.1	yes	0	92	0	Myotis myotis	mMyoMyo1	HostDB
Malassezia pachydermatis CBS 1879	INSDC	GCA_001278385.1	yes	0	91	0	Malassezia pachydermatis	CBS 1879	FungiDB
Malassezia restricta KCTC 27527	GenBank	GCA_003290485.1	yes	0	0	9	Malassezia restricta	KCTC 27527	FungiDB
Naganishia albida JCM2334	GenBank	GCA_001599735.1	no	74	0	0	Naganishia albida	JCM2334	FungiDB
Naganishia albida NRRL Y-1402	GenBank	GCA_001444555.1	yes	834	0	0	Naganishia albida	NRRL Y-1402	FungiDB
Nematocida ausubeli ERTm2	GenBank	GCA_000250695.1	yes	0	202	0	Nematocida ausubeli	ERTm2	MicrosporidiaDB
Nematocida ausubeli ERTm6	GenBank	GCA_000738915.1	no	0	22	0	Nematocida ausubeli	ERTm6	MicrosporidiaDB
Neospora caninum Liverpool 2019	INSDC	GCA_016097395.1	no	31	0	13	Neospora caninum	Liverpool 2019	ToxoDB
Nosema ceranae BRL	INSDC	GCA_004919615.1	no	0	110	0	Nosema ceranae	BRL	MicrosporidiaDB
Nosema ceranae strain PA08_1199	GenBank	GCA_000988165.1	no	536	0	0	Nosema ceranae	strain PA08_1199	MicrosporidiaDB
Nematocida displodere strain JUm2807	GenBank	GCA_001642395.1	yes	40	0	0	Nematocida displodere	strain JUm2807	MicrosporidiaDB
Naegleria fowleri ATCC 30863	GenBank	GCA_000499105.1	no	0	1124	0	Naegleria fowleri	ATCC 30863	AmoebaDB
Naegleria fowleri strain ATCC 30894	INSDC	GCA_008403515.1	no	0	81	0	Naegleria fowleri	strain ATCC 30894	AmoebaDB
Naegleria fowleri strain Ty	INSDC	GCA_014843625.1	yes	0	0	37	Naegleria fowleri	strain Ty	AmoebaDB
Nakaseomyces glabratus BG2	INSDC	GCA_014217725.1	no	0	0	13	Nakaseomyces glabratus	BG2	FungiDB
Nakaseomyces glabratus BG3993	INSDC	GCA_020450195.1	no	0	0	13	Nakaseomyces glabratus	BG3993	FungiDB
Nakaseomyces glabratus CBS138 2020	INSDC	GCA_010111755.1	no	0	0	13	Nakaseomyces glabratus	CBS138 2020	FungiDB
Nakaseomyces glabratus DSY562	INSDC	GCA_002219185.1	no	0	5	13	Nakaseomyces glabratus	DSY562	FungiDB
Nosema granulosis Ou3-Ou53	INSDC	GCA_015832245.1	yes	0	1754	0	Nosema granulosis	Ou3-Ou53	MicrosporidiaDB
Naegleria lovaniensis strain ATCC 30569	INSDC	GCA_003324165.2	yes	0	109	0	Naegleria lovaniensis	strain ATCC 30569	AmoebaDB
Naegleria lovaniensis NL_76_15_250	INSDC	GCA_022530875.1	no	0	199	0	Naegleria lovaniensis	NL_76_15_250	AmoebaDB
Nematocida major JUm2507	INSDC	GCA_021653875.1	yes	0	111	0	Nematocida major	JUm2507	MicrosporidiaDB
Ordospora colligata FI-SK-17-1	INSDC	GCA_004325055.1	no	0	26	0	Ordospora colligata	FI-SK-17-1	MicrosporidiaDB
Ordospora colligata GB-EP-1	INSDC	GCA_004324935.1	no	0	18	0	Ordospora colligata	GB-EP-1	MicrosporidiaDB
Ordospora colligata NO-V-7	INSDC	GCA_004324945.1	no	0	21	0	Ordospora colligata	NO-V-7	MicrosporidiaDB
Plasmodium adleri G01	GenBank	GCA_900097015.1	yes	68	0	14	Plasmodium adleri	G01	PlasmoDB
Podosphaera aphanis DRCT72020	INSDC	GCA_022627015.2	yes	0	12702	0	Podosphaera aphanis	DRCT72020	FungiDB
Phlebotomus argentipes India	INSDC	GCF_947086385.1	yes	0	64	0	Phlebotomus argentipes	India	VectorBase
Phialophora attinorum CBS 131958	INSDC	GCF_001299255.1	yes	0	131	0	Phialophora attinorum	CBS 131958	FungiDB
Plasmodium billcollinsi G01	GenBank	GCA_900257145.2	yes	0	0	14	Plasmodium billcollinsi	G01	PlasmoDB
Plasmodium blacklocki G01	GenBank	GCA_900097035.1	yes	83	0	14	Plasmodium blacklocki	G01	PlasmoDB
Plasmodium brasilianum strain Bolivian I	INSDC	GCA_023973825.1	yes	0	29	14	Plasmodium brasilianum	strain Bolivian I	PlasmoDB
Phytophthora cactorum 10300	INSDC	GCA_003287315.1	yes	0	4623	0	Phytophthora cactorum	10300	FungiDB
Pneumocystis canis CanA	INSDC	GCA_017788925.1	yes	0	33	0	Pneumocystis canis	CanA	FungiDB
Phytophthora cinnamomi GKB4	INSDC	GCA_018691715.1	yes	0	133	0	Phytophthora cinnamomi	GKB4	FungiDB
Plasmodium coatneyi Hackeri	GenBank	GCA_001680005.1	yes	0	0	14	Plasmodium coatneyi	Hackeri	PlasmoDB
Podospora comata strain T mat+	INSDC	GCA_900290415.1	yes	0	0	7	Podospora comata	strain T mat+	FungiDB
Paratrypanosoma confusum CUL13	GenBank	GCA_002921335.1	yes	1922	266	0	Paratrypanosoma confusum	CUL13	TriTrypDB
Peronospora effusa R13	INSDC	GCA_003843895.1	yes	0	784	0	Peronospora effusa	R13	FungiDB
Penicillium expansum d1	INSDC	GCA_000769735.1	yes	0	270	0	Penicillium expansum	d1	FungiDB
Plasmodium falciparum 7G8 2019	INSDC	GCA_009761555.1	no	0	20	0	Plasmodium falciparum	7G8 2019	PlasmoDB
Plasmodium falciparum CD01	GenBank	GCA_900617135.1	no	5	0	14	Plasmodium falciparum	CD01	PlasmoDB
Plasmodium falciparum GA01	GenBank	GCA_900632005.1	no	4	0	14	Plasmodium falciparum	GA01	PlasmoDB
Plasmodium falciparum GB4	GenBank	GCA_900632035.1	no	10	0	14	Plasmodium falciparum	GB4	PlasmoDB
Plasmodium falciparum GN01	GenBank	GCA_900631995.1	no	3	0	14	Plasmodium falciparum	GN01	PlasmoDB
Plasmodium falciparum IT	GenBank	GCA_900632055.1	no	11	0	14	Plasmodium falciparum	IT	PlasmoDB
Plasmodium falciparum KE01	GenBank	GCA_900631975.1	no	5	0	14	Plasmodium falciparum	KE01	PlasmoDB
Plasmodium falciparum KH01	GenBank	GCA_900632025.1	no	6	0	14	Plasmodium falciparum	KH01	PlasmoDB
Plasmodium falciparum KH02	GenBank	GCA_900632015.1	no	5	0	14	Plasmodium falciparum	KH02	PlasmoDB
Plasmodium falciparum ML01	GenBank	GCA_900632085.1	no	101	0	14	Plasmodium falciparum	ML01	PlasmoDB
Plasmodium falciparum NF135.C10	INSDC	GCA_009761425.1	no	0	21	0	Plasmodium falciparum	NF135.C10	PlasmoDB
Plasmodium falciparum NF166	INSDC	GCA_009761515.1	no	0	30	0	Plasmodium falciparum	NF166	PlasmoDB
Plasmodium falciparum SD01	GenBank	GCA_900632095.1	no	4	0	13	Plasmodium falciparum	SD01	PlasmoDB
Plasmodium falciparum SN01	GenBank	GCA_900632075.1	no	20	0	14	Plasmodium falciparum	SN01	PlasmoDB
Plasmodium falciparum TG01	GenBank	GCA_900632065.1	no	63	0	14	Plasmodium falciparum	TG01	PlasmoDB
Plasmodium fragile strain nilgiri	GenBank	GCA_000956335.1	yes	0	247	0	Plasmodium fragile	strain nilgiri	PlasmoDB
Plasmodium gaboni strain G01	GenBank	GCA_900097045.1	no	82	0	14	Plasmodium gaboni	strain G01	PlasmoDB
Plasmodium gaboni strain SY75	GenBank	GCA_001602025.1	yes	818	0	14	Plasmodium gaboni	strain SY75	PlasmoDB
Plasmodium gallinaceum 8A	GenBank	GCA_900005855.1	yes	152	0	0	Plasmodium gallinaceum	8A	PlasmoDB
Porcisia hertigi MCOE/PA/1965/C119	INSDC	GCA_017918235.1	yes	0	38	36	Porcisia hertigi	MCOE/PA/1965/C119	TriTrypDB
Pediculus humanus USDA	INSDC	GCA_000006295.1	yes	0	1882	0	Pediculus humanus	USDA	VectorBase
Pythium insidiosum Pi-s	INSDC	GCA_001029375.1	yes	0	1192	0	Pythium insidiosum	Pi-s	FungiDB
Plasmodium knowlesi strain A1H1	INSDC	GCA_900162085.1	no	0	0	14	Plasmodium knowlesi	strain A1H1	PlasmoDB
Plasmodium knowlesi strain Malayan Strain Pk1 A	GenBank	GCA_002140095.1	no	0	28	0	Plasmodium knowlesi	strain Malayan Strain Pk1 A	PlasmoDB
Pichia kudriavzevii strain CBS5147	INSDC	GCA_003054405.1	no	0	0	5	Pichia kudriavzevii	strain CBS5147	FungiDB
Pichia kudriavzevii strain CBS573	INSDC	GCA_003054445.1	yes	0	0	5	Pichia kudriavzevii	strain CBS573	FungiDB
Pneumocystis sp. macacae isolate P2C	INSDC	GCA_018127085.1	yes	0	3	16	Pneumocystis sp. 'macacae'	P2C	FungiDB
Plasmodium malariae UG01	GenBank	GCA_900090045.1	yes	47	0	14	Plasmodium malariae	UG01	PlasmoDB
Pseudoloma neurophilia strain MK1	GenBank	GCA_001432165.1	yes	1603	0	0	Pseudoloma neurophilia	strain MK1	MicrosporidiaDB
Pyricularia oryzae BR32	GEMO	Nov 02, 2011	no	0	111	0	Pyricularia oryzae	BR32	FungiDB
Pneumocystis oryctolagi CS1	INSDC	GCA_017311285.1	yes	0	38	0	Pneumocystis oryctolagi	CS1	FungiDB
Plasmodium ovale curtisi GH01	GenBank	GCA_900090035.2	yes	638	0	14	Plasmodium ovale	curtisi GH01	PlasmoDB
Plasmodium ovale wallikeri PowCR01	INSDC	GCA_900090025.2	no	0	763	14	Plasmodium ovale	wallikeri PowCR01	PlasmoDB
Phytophthora palmivora var. palmivora strain sbr112.9	GenBank	GCA_002911725.1	yes	24809	0	0	Phytophthora palmivora	var. palmivora strain sbr112.9	FungiDB
Phlebotomus papatasi Israel	INSDC	GCA_000262795.1	no	0	106826	0	Phlebotomus papatasi	Israel	VectorBase
Phlebotomus papatasi M1	INSDC	GCF_024763615.1	yes	0	640	5	Phlebotomus papatasi	M1	VectorBase
Pyricularia pennisetigena Br36	INSDC	GCA_004337985.1	yes	0	103	5	Pyricularia pennisetigena	Br36	FungiDB
Phytophthora plurivora AV1007	GenBank	GCA_002247145.1	yes	1897	0	0	Phytophthora plurivora	AV1007	FungiDB
Plasmodium praefalciparum strain G01	INSDC	GCA_900095595.1	yes	0	39	14	Plasmodium praefalciparum	strain G01	PlasmoDB
Phytophthora ramorum 14567	INSDC	GCA_020800235.1	no	0	27	0	Phytophthora ramorum	14567	FungiDB
Phytophthora ramorum strain Pr102	GenBank	GCA_020800215.1	yes	0	28	0	Phytophthora ramorum	strain Pr102	FungiDB
Plasmodium reichenowi CDC	GenBank	GCA_000723685.1	yes	356	0	14	Plasmodium reichenowi	CDC	PlasmoDB
Plasmodium reichenowi G01	GenBank	GCA_900097025.1	no	34	0	14	Plasmodium reichenowi	G01	PlasmoDB
Plasmodium relictum SGS1-like	GenBank	GCA_900005765.1	yes	460	0	14	Plasmodium relictum	SGS1-like	PlasmoDB
Puccinia sorghi strain RO10H11247	INSDC	GCA_001263375.1	yes	0	15715	0	Puccinia sorghi	strain RO10H11247	FungiDB
Puccinia striiformis strain 93-210	INSDC	GCA_002920065.1	yes	0	492	0	Puccinia striiformis	strain 93-210	FungiDB
Puccinia striiformis 93TX-2	INSDC	GCA_002920205.1	no	0	561	0	Puccinia striiformis	93TX-2	FungiDB
Paecilomyces variotii CBS 101075	INSDC	GCF_004022145.1	yes	0	86	0	Paecilomyces variotii	CBS 101075	FungiDB
Plasmodium vinckei Cameroon EL	INSDC	GCA_903994265.1	no	0	0	14	Plasmodium vinckei	Cameroon EL	PlasmoDB
Plasmodium vinckei brucechwatti DA	INSDC	GCA_903994205.1	no	0	0	14	Plasmodium vinckei	brucechwatti DA	PlasmoDB
Plasmodium vinckei lentum DE	INSDC	GCA_903994225.1	no	0	0	14	Plasmodium vinckei	lentum DE	PlasmoDB
Plasmodium vinckei petteri strain CR	GenBank	GCA_000524515.1	no	0	66	0	Plasmodium vinckei	petteri strain CR	PlasmoDB
Plasmodium vinckei petteri CR 2020	INSDC	GCA_903994235.1	no	0	0	14	Plasmodium vinckei	petteri CR 2020	PlasmoDB
Plasmodium vinckei vinckei CY	INSDC	GCA_900681995.1	yes	0	0	14	Plasmodium vinckei	vinckei CY	PlasmoDB
Plasmodium vinckei vinckei strain vinckei	GenBank	GCA_000709005.1	no	0	49	0	Plasmodium vinckei	vinckei strain vinckei	PlasmoDB
Plasmodium vivax P01	GenBank	GCA_900093555.2	yes	226	0	14	Plasmodium vivax	P01	PlasmoDB
Plasmodium vivax PAM	INSDC	GCA_949152365.1	no	0	28	0	Plasmodium vivax	PAM	PlasmoDB
Plasmodium vivax PvSY56	INSDC	GCA_003402215.1	no	0	14	0	Plasmodium vivax	PvSY56	PlasmoDB
Plasmodium vivax PvW1	INSDC	GCA_914969965.1	no	0	19	0	Plasmodium vivax	PvW1	PlasmoDB
Plasmodium vivax-like Pvl01	Sanger	Jun 21, 2018	yes	1176	0	14	Plasmodium vivax-like sp.	Pvl01	PlasmoDB
Pneumocystis wakefieldiae 2A	INSDC	GCA_017301755.1	yes	0	0	17	Pneumocystis wakefieldiae	2A	FungiDB
Plasmodium yoelii yoelii 17X	GenBank	GCA_900002385.2	yes	0	0	14	Plasmodium yoelii	yoelii 17X	PlasmoDB
Plasmodium yoelii yoelii 17XNL 2023	INSDC	GCA_020844765.3	no	0	0	14	Plasmodium yoelii	yoelii 17XNL 2023	PlasmoDB
Plasmodium yoelii yoelii YM	INSDC	GCA_900002395.1	no	0	181	14	Plasmodium yoelii	yoelii YM	PlasmoDB
Rhipicephalus annulatus KleinGrass	INSDC	GCA_013436015.1	yes	0	16339	0	Rhipicephalus annulatus	KleinGrass	VectorBase
Rhizophagus irregularis A1 (DAOM-664342)	GenBank	GCA_001593125.1	no	11196	0	0	Rhizophagus irregularis	A1 (DAOM-664342)	FungiDB
Rhizophagus irregularis C2	INSDC	GCA_020716745.1	no	0	0	33	Rhizophagus irregularis	C2	FungiDB
Raffaelea lauricola RL4	INSDC	GCA_014183025.1	yes	0	169	0	Raffaelea lauricola	RL4	FungiDB
Rickenella mellea Ricmel1	INSDC	GCA_004355085.1	yes	0	848	0	Rickenella mellea	Ricmel1	FungiDB
Rhipicephalus microplus Rmic-2018	INSDC	GCA_013339725.1	yes	7036	0	11	Rhipicephalus microplus	Rmic-2018	VectorBase
Rhizopus microsporus var. microsporus ATCC 52814	INSDC	GCA_002083745.1	yes	0	560	0	Rhizopus microsporus	var. microsporus ATCC 52814	FungiDB
Rattus norvegicus BN/NHsdMcwi	INSDC	GCA_015227675.2	yes	0	153	22	Rattus norvegicus	BN/NHsdMcwi	HostDB
Rhodnius prolixus CDC	INSDC	GCA_000181055.3	yes	0	16537	0	Rhodnius prolixus	CDC	VectorBase
Rhipicephalus sanguineus Rsan-2018	INSDC	GCF_013339695.2	yes	0	2316	11	Rhipicephalus sanguineus	Rsan-2018	VectorBase
Scedosporium apiospermum IHEM 14462	GenBank	GCA_000732125.1	yes	176	0	0	Scedosporium apiospermum	IHEM 14462	FungiDB
Stomoxys calcitrans USDA	INSDC	GCA_001015335.1	yes	0	12042	0	Stomoxys calcitrans	USDA	VectorBase
Sabethes cyaneus ScyaPA1	INSDC	GCF_943734655.1	yes	0	5	3	Sabethes cyaneus	ScyaPA1	VectorBase
Synchytrium endobioticum MB42	INSDC	GCA_006535955.1	yes	0	786	0	Synchytrium endobioticum	MB42	FungiDB
Saccharomycodes ludwigii UTAD17	INSDC	GCA_900491785.1	yes	0	1360	0	Saccharomycodes ludwigii	UTAD17	FungiDB
Sarcocystis neurona SN3	GenBank	GCA_000727475.1	yes	701	171	0	Sarcocystis neurona	SN3	ToxoDB
Sarcocystis neurona SO SN1	GenBank	GCA_000875885.1	no	0	3066	0	Sarcocystis neurona	SO SN1	ToxoDB
Saccharomyces paradoxus CBS432	INSDC	GCA_002079055.1	yes	0	0	16	Saccharomyces paradoxus	CBS432	FungiDB
Spironucleus salmonicida ATCC50377	GenBank	GCA_000497125.2	yes	0	33	9	Spironucleus salmonicida	ATCC50377	GiardiaDB
Sarcoptes scabiei Arlian	INSDC	GCA_000828355.1	yes	0	18859	0	Sarcoptes scabiei	Arlian	VectorBase
Trichoderma atroviride strain JCM 9410	INSDC	GCA_001599035.1	yes	0	23	0	Trichoderma atroviride	strain JCM 9410	FungiDB
Trypanosoma brucei EATRO1125	INSDC	GCA_019096175.1	no	685	0	11	Trypanosoma brucei	EATRO1125	TriTrypDB
Trypanosoma brucei Lister strain 427	GeneDB	Jan 16, 2013	no	21	0	11	Trypanosoma brucei	Lister strain 427	TriTrypDB
Trypanosoma brucei Lister strain 427 2018	GenBank	GCA_900497135.1	no	272	0	44	Trypanosoma brucei	Lister strain 427 2018	TriTrypDB
Trichomonascus ciferrii CBS 4856	INSDC	GCA_008704605.1	yes	0	583	0	Trichomonascus ciferrii	CBS 4856	FungiDB
Trypanosoma congolense IL3000 2019	GenBank	GCA_003013265.1	no	364	0	11	Trypanosoma congolense	IL3000 2019	TriTrypDB
Thelohania contejeani T1	INSDC	GCA_014805555.1	yes	0	1391	0	Thelohania contejeani	T1	MicrosporidiaDB
Trypanosoma congolense Tc1/148	INSDC	GCA_002287245.1	no	0	536	0	Trypanosoma congolense	Tc1/148	TriTrypDB
Trypanosoma cruzi strain 231	GenBank	GCA_900252365.1	no	8469	0	0	Trypanosoma cruzi	strain 231	TriTrypDB
Trypanosoma cruzi Berenice	INSDC	GCA_013358655.1	no	0	923	0	Trypanosoma cruzi	Berenice	TriTrypDB
Trypanosoma cruzi Brazil A4	GenBank	GCA_015033625.1	no	359	0	43	Trypanosoma cruzi	Brazil A4	TriTrypDB
Trypanosoma cruzi Bug2148	GenBank	GCA_002749415.1	no	929	0	0	Trypanosoma cruzi	Bug2148	TriTrypDB
Trypanosoma cruzi strain CL	INSDC	GCA_003719155.1	no	0	7764	0	Trypanosoma cruzi	strain CL	TriTrypDB
Trypanosoma cruzi CL Brener Esmeraldo-like	GenBank	GCA_000209065.1	yes	0	0	41	Trypanosoma cruzi	CL Brener Esmeraldo-like	TriTrypDB
Trypanosoma cruzi CL Brener Non-Esmeraldo-like	GenBank	GCA_000209065.1	no	0	0	41	Trypanosoma cruzi	CL Brener Non-Esmeraldo-like	TriTrypDB
Trypanosoma cruzi Dm28c 2017	GenBank	GCA_002219105.2	no	0	1029	0	Trypanosoma cruzi	Dm28c 2017	TriTrypDB
Trypanosoma cruzi Dm28c 2018	GenBank	GCA_003177105.1	no	636	0	0	Trypanosoma cruzi	Dm28c 2018	TriTrypDB
Trypanosoma cruzi strain G	INSDC	GCA_003719455.1	no	0	1450	0	Trypanosoma cruzi	strain G	TriTrypDB
Trypanosoma cruzi strain S11	INSDC	GCA_003594385.1	no	0	7855	0	Trypanosoma cruzi	strain S11	TriTrypDB
Trypanosoma cruzi strain S15	INSDC	GCA_003594585.1	no	0	9197	0	Trypanosoma cruzi	strain S15	TriTrypDB
Trypanosoma cruzi strain S154a	INSDC	GCA_003594715.1	no	0	6946	0	Trypanosoma cruzi	strain S154a	TriTrypDB
Trypanosoma cruzi strain S162a	INSDC	GCA_003594605.1	no	0	8588	0	Trypanosoma cruzi	strain S162a	TriTrypDB
Trypanosoma cruzi strain S23b	INSDC	GCA_003594425.1	no	0	7145	0	Trypanosoma cruzi	strain S23b	TriTrypDB
Trypanosoma cruzi strain S44a	INSDC	GCA_003594705.1	no	0	4971	0	Trypanosoma cruzi	strain S44a	TriTrypDB
Trypanosoma cruzi strain S92a	INSDC	GCA_003594445.1	no	0	7134	0	Trypanosoma cruzi	strain S92a	TriTrypDB
Trypanosoma cruzi Sylvio X10/1	AnderssonLab	Mar 18, 2017	no	0	0	47	Trypanosoma cruzi	Sylvio X10/1	TriTrypDB
Trypanosoma cruzi Sylvio X10/1-2012	GenBank	GCA_000188675.2	no	27019	0	0	Trypanosoma cruzi	Sylvio X10/1-2012	TriTrypDB
Trypanosoma cruzi TCC	GenBank	GCA_003177095.1	no	1236	0	0	Trypanosoma cruzi	TCC	TriTrypDB
Trypanosoma cruzi strain Y	GenBank	GCA_002749425.1	no	9821	0	0	Trypanosoma cruzi	strain Y	TriTrypDB
Trypanosoma cruzi Y C6	GenBank	GCA_015033655.1	no	226	0	40	Trypanosoma cruzi	Y C6	TriTrypDB
Trypanosoma cruzi strain Ycl2	INSDC	GCA_003594485.1	no	0	6884	0	Trypanosoma cruzi	strain Ycl2	TriTrypDB
Trypanosoma cruzi strain Ycl4	INSDC	GCA_003594405.1	no	0	6664	0	Trypanosoma cruzi	strain Ycl4	TriTrypDB
Trypanosoma cruzi strain Ycl6	INSDC	GCA_003594465.1	no	0	6967	0	Trypanosoma cruzi	strain Ycl6	TriTrypDB
Trypanosoma cruzi marinkellei strain B7	GenBank	GCA_000300495.1	no	0	16783	0	Trypanosoma cruzi	marinkellei strain B7	TriTrypDB
Trypanosoma equiperdum OVI	INSDC	GCA_001457755.2	yes	0	2026	0	Trypanosoma equiperdum	OVI	TriTrypDB
Trypanosoma evansi strain STIB 805	GenBank	GCA_917563935.1	yes	0	0	13	Trypanosoma evansi	strain STIB 805	TriTrypDB
Tritrichomonas foetus strain K	INSDC	GCA_001839685.1	yes	0	1480	0	Tritrichomonas foetus	strain K	TrichDB
Toxoplasma gondii strain ME49xCTG F1 S27	INSDC	GCA_014898695.1	no	0	48	0	Toxoplasma gondii	strain ME49xCTG F1 S27	ToxoDB
Toxoplasma gondii RH 2016	GenBank	GCA_001593265.1	no	441	0	0	Toxoplasma gondii	RH 2016	ToxoDB
Trypanosoma grayi ANR4	GenBank	GCA_000691245.1	yes	2871	0	0	Trypanosoma grayi	ANR4	TriTrypDB
Trachipleistophora hominis Unknown strain	GenBank	GCA_000316135.1	yes	0	310	0	Trachipleistophora hominis	Unknown strain	MicrosporidiaDB
Triatoma infestans isolate FIOC_28	INSDC	GCA_011037195.1	yes	0	14951	0	Triatoma infestans	isolate FIOC_28	VectorBase
Talaromyces marneffei TM4	INSDC	GCA_003971505.1	no	0	0	8	Talaromyces marneffei	TM4	FungiDB
Trypanosoma melophagium St. Kilda	INSDC	GCA_022059095.1	yes	0	64	0	Trypanosoma melophagium	St. Kilda	TriTrypDB
Trichophyton mentagrophytes TIMM 2789	INSDC	GCA_003118255.1	yes	0	16543	0	Trichophyton mentagrophytes	TIMM 2789	FungiDB
Theileria orientalis Fish Creek	INSDC	GCA_003072545.3	no	0	0	4	Theileria orientalis	Fish Creek	PiroplasmaDB
Theileria orientalis Goon Nure	INSDC	GCA_003072535.3	no	0	0	4	Theileria orientalis	Goon Nure	PiroplasmaDB
Tubulinosema ratisbonensis Franzen	INSDC	GCA_004000155.1	yes	0	952	0	Tubulinosema ratisbonensis	Franzen	MicrosporidiaDB
Trichoderma reesei QM6a 2017	INSDC	GCA_002006585.1	no	0	0	7	Trichoderma reesei	QM6a 2017	FungiDB
Trichomonas tenax strain NIH4 ATCC 30207	INSDC	GCA_900231805.1	yes	0	4161	0	Trichomonas tenax	strain NIH4 ATCC 30207	TrichDB
Trypanosoma theileri isolate Edinburgh	GenBank	GCA_002087225.1	yes	253	0	0	Trypanosoma theileri	isolate Edinburgh	TriTrypDB
Trichomonas vaginalis G3 2022	INSDC	GCA_026262505.1	yes	0	212	6	Trichomonas vaginalis	G3 2022	TrichDB
Verruconis gallopava strain CBS 43764	INSDC	GCA_000836295.1	yes	0	367	0	Verruconis gallopava	strain CBS 43764	FungiDB
Xylaria arbuscula CBS 124340	INSDC	GCA_022385695.1	yes	0	89	0	Xylaria arbuscula	CBS 124340	FungiDB
Yarrowia lipolytica CLIB89 (W29)	GenBank	GCA_001761485.1	no	0	0	6	Yarrowia lipolytica	CLIB89 (W29)	FungiDB